stfeco,stfgov,stflife,stfdem,bailout,Bailout,income,government,gndr,agea,eduyrs,hinctnta,partner,uemp3m,polintr,lrscale,region_north,region_east,region_west,region_south
5,7,8,8,1,1,6,0,1,53,18,6,2,2,1,1,0,0,1,0
7,6,8,8,0,0,4,1,1,59,18,4,2,2,2,4,0,0,1,0
4,3,7,6,1,1,3,0,2,60,20,3,2,2,1,3,0,0,1,0
10,10,10,10,1,1,9,0,2,48,18,9,1,1,2,2,0,0,1,0
4,3,7,4,0,0,3,NA,2,52,9,3,2,1,3,6,0,0,1,0
5,6,8,8,0,0,2,1,2,67,10,2,2,2,3,0,0,0,1,0
9,3,8,8,0,0,5,NA,2,28,12,5,1,1,2,4,0,0,1,0
7,6,7,8,1,1,3,0,1,54,11,3,2,1,1,5,0,0,1,0
8,7,10,8,0,0,10,0,1,60,23,10,1,2,1,3,0,0,1,0
3,4,2,4,1,1,3,1,2,80,11,3,2,2,2,5,0,0,1,0
8,5,6,5,1,1,10,NA,1,30,17,10,2,2,4,3,0,0,1,0
7,6,8,7,1,1,1,0,2,27,20,1,2,2,1,7,0,0,1,0
4,5,6,6,1,1,8,0,2,37,19,8,1,NA,3,5,0,0,1,0
7,5,6,5,1,1,7,0,1,32,18,7,2,1,2,2,0,0,1,0
6,5,7,5,1,1,NA,0,1,40,18,NA,2,NA,2,6,0,0,1,0
8,7,8,7,1,1,9,NA,1,28,19,9,2,2,2,9,0,0,1,0
NA,6,8,6,1,1,NA,1,1,85,11,NA,1,NA,3,3,0,0,1,0
3,3,7,NA,1,1,3,NA,2,29,23,3,2,2,2,6,0,0,1,0
7,6,7,10,1,1,3,NA,1,15,9,3,2,2,4,NA,0,0,1,0
4,7,9,7,1,1,4,1,1,31,18,4,1,2,2,7,0,0,1,0
2,5,1,8,0,0,3,NA,1,76,10,3,2,2,4,4,0,0,1,0
9,8,8,8,1,1,5,1,2,28,22,5,2,1,4,5,0,0,1,0
3,5,6,4,1,1,NA,1,2,22,16,NA,2,NA,2,6,0,0,1,0
6,7,10,8,1,1,NA,1,1,93,15,NA,2,NA,3,8,0,0,1,0
4,4,5,5,1,1,4,1,1,45,16,4,1,1,3,5,0,0,1,0
3,1,8,1,1,1,4,0,2,39,10,4,1,1,2,5,0,0,1,0
6,7,7,7,1,1,7,1,1,31,18,7,1,1,2,8,0,0,1,0
6,7,6,8,0,0,1,NA,1,24,18,1,2,2,2,8,0,0,1,0
3,7,8,8,1,1,NA,1,2,72,18,NA,2,NA,1,2,0,0,1,0
5,4,8,6,1,1,NA,0,1,53,12,NA,1,NA,3,7,0,0,1,0
8,6,7,8,1,1,6,0,2,47,20,6,2,1,2,3,0,0,1,0
7,4,10,1,1,1,3,0,2,48,18,3,2,1,2,3,0,0,1,0
7,6,8,7,0,0,10,NA,1,46,20,10,1,2,2,5,0,0,1,0
6,7,9,7,1,1,9,0,1,48,14,9,1,2,2,6,0,0,1,0
6,7,10,9,1,1,9,NA,2,28,17,9,1,1,2,2,0,0,1,0
7,8,7,7,0,0,5,0,2,28,20,5,2,2,2,5,0,0,1,0
5,7,9,7,1,1,5,0,2,49,17,5,2,1,3,3,0,0,1,0
5,4,6,5,1,1,2,0,2,30,11,2,1,1,3,5,0,0,1,0
4,5,8,9,1,1,10,1,1,61,18,10,1,2,1,2,0,0,1,0
8,8,9,7,1,1,4,0,2,77,12,4,2,2,3,7,0,0,1,0
7,6,7,7,0,0,5,1,2,27,16,5,1,1,2,6,0,0,1,0
7,6,8,7,0,0,5,0,2,58,13,5,2,2,2,2,0,0,1,0
9,9,8,NA,1,1,2,NA,1,38,20,2,1,2,3,NA,0,0,1,0
8,5,6,6,0,0,6,1,2,61,12,6,2,2,2,3,0,0,1,0
7,6,8,8,0,0,6,0,1,79,15,6,2,2,2,9,0,0,1,0
5,6,7,8,0,0,NA,0,2,46,10,NA,1,NA,3,6,0,0,1,0
6,1,8,3,0,0,7,0,1,37,14,7,1,2,2,8,0,0,1,0
5,4,7,7,0,0,5,1,1,40,11,5,1,2,2,8,0,0,1,0
5,3,7,7,0,0,6,1,1,50,13,6,1,1,3,6,0,0,1,0
6,6,9,7,0,0,7,1,1,71,20,7,1,2,3,2,0,0,1,0
4,5,5,5,0,0,2,1,2,65,8,2,2,2,3,5,0,0,1,0
8,7,7,7,1,1,1,1,1,73,6,1,2,2,4,8,0,0,1,0
7,6,7,7,1,1,4,1,1,52,15,4,2,1,3,4,0,0,1,0
8,8,8,8,0,0,NA,NA,1,20,13,NA,2,NA,3,7,0,0,1,0
6,6,8,7,1,1,9,0,2,33,17,9,1,2,2,7,0,0,1,0
7,7,9,8,1,1,3,0,2,80,9,3,2,2,2,7,0,0,1,0
8,8,9,8,0,0,NA,1,1,74,14,NA,1,NA,2,7,0,0,1,0
5,5,10,5,1,1,3,1,2,82,8,3,2,2,3,3,0,0,1,0
7,6,9,7,1,1,8,1,2,40,16,8,1,NA,2,3,0,0,1,0
6,6,7,7,1,1,6,1,2,61,20,6,1,2,3,6,0,0,1,0
7,7,7,6,1,1,5,0,2,79,11,5,2,2,3,3,0,0,1,0
7,6,9,5,0,0,7,NA,1,45,17,7,1,2,3,7,0,0,1,0
3,7,9,8,1,1,5,1,2,53,17,5,2,2,2,2,0,0,1,0
6,6,9,6,1,1,2,0,2,69,12,2,1,2,2,6,0,0,1,0
6,4,8,7,1,1,7,NA,1,19,13,7,2,2,2,8,0,0,1,0
8,8,8,7,1,1,2,1,2,67,12,2,2,2,1,5,0,0,1,0
6,4,7,5,1,1,10,1,2,52,14,10,1,2,2,7,0,0,1,0
2,5,7,7,1,1,6,1,2,66,10,6,2,2,2,4,0,0,1,0
6,8,8,8,1,1,7,1,2,45,17,7,1,2,2,3,0,0,1,0
8,8,6,8,1,1,7,1,1,82,31,7,2,2,2,6,0,1,0,0
5,8,6,5,0,0,1,NA,2,16,11,1,2,1,3,0,0,1,0,0
5,5,5,7,1,1,8,0,1,46,10,8,1,NA,2,6,0,1,0,0
4,6,8,4,0,0,7,1,2,25,19,7,1,1,2,2,0,1,0,0
2,5,7,8,1,1,9,NA,2,16,10,9,2,2,2,5,0,1,0,0
6,7,8,7,0,0,6,0,2,40,30,6,1,2,2,5,0,1,0,0
7,6,9,6,1,1,9,NA,2,51,19,9,1,2,2,5,0,1,0,0
6,5,10,6,1,1,3,1,2,86,6,3,1,2,2,10,0,1,0,0
4,3,8,7,0,0,9,0,2,34,28,9,1,2,3,3,0,1,0,0
3,4,8,4,1,1,9,1,2,49,21,9,1,1,2,3,0,1,0,0
4,5,8,7,1,1,8,NA,1,16,10,8,2,NA,2,4,0,1,0,0
4,6,8,7,0,0,9,0,1,65,10,9,1,2,2,4,0,0,1,0
7,7,9,8,0,0,8,1,1,72,20,8,1,NA,2,2,0,0,1,0
8,7,9,8,0,0,8,0,1,53,11,8,1,NA,2,4,0,0,1,0
7,7,6,8,1,1,6,1,2,62,13,6,2,2,2,3,0,0,1,0
7,6,8,6,0,0,NA,1,2,75,9,NA,1,NA,2,NA,0,0,1,0
4,4,7,4,1,1,3,0,2,67,12,3,2,2,2,8,0,0,1,0
6,5,7,6,1,1,6,1,1,59,9,6,1,2,3,5,0,0,1,0
5,6,8,7,1,1,8,0,1,34,13,8,1,NA,2,7,0,0,1,0
6,6,8,8,0,0,NA,NA,2,49,17,NA,1,NA,2,4,0,0,1,0
3,7,8,7,1,1,8,0,2,34,16,8,1,NA,2,7,0,0,1,0
7,7,8,6,1,1,3,1,2,66,12,3,2,2,2,7,0,0,1,0
3,3,7,4,0,0,4,0,2,27,14,4,2,2,2,7,0,0,1,0
5,5,4,7,1,1,3,NA,2,86,8,3,2,2,3,6,0,0,1,0
5,4,8,8,1,1,7,NA,1,41,15,7,1,2,3,6,0,0,1,0
7,4,9,6,1,1,9,0,1,45,19,9,1,2,2,4,0,0,1,0
5,NA,7,9,1,1,2,NA,2,22,NA,2,2,2,2,3,0,0,1,0
7,6,8,7,1,1,NA,1,2,75,12,NA,1,NA,2,2,0,0,1,0
6,4,8,7,0,0,6,0,2,37,18,6,1,2,2,3,0,0,1,0
4,1,6,5,0,0,9,0,2,52,23,9,1,1,2,1,0,0,1,0
3,3,6,7,1,1,2,NA,2,28,11,2,1,2,3,5,0,0,1,0
7,5,8,1,0,0,10,0,1,54,17,10,1,2,2,6,0,0,1,0
3,8,8,7,1,1,8,1,2,22,13,8,1,NA,2,4,0,0,1,0
2,2,8,4,1,1,8,1,1,41,14,8,1,NA,2,5,0,0,1,0
6,4,9,7,1,1,10,1,2,32,15,10,1,2,2,4,0,0,1,0
8,6,9,6,1,1,4,1,1,61,14,4,2,2,2,8,0,0,1,0
5,6,7,7,1,1,3,NA,2,19,13,3,2,2,2,7,0,0,1,0
7,7,7,8,0,0,8,0,2,64,13,8,2,NA,2,4,0,0,1,0
2,4,8,8,1,1,4,0,1,51,14,4,2,1,2,2,0,0,1,0
7,7,8,5,0,0,3,0,2,38,17,3,2,2,2,4,0,0,1,0
7,7,8,5,1,1,6,NA,2,29,15,6,1,2,3,NA,0,0,1,0
6,7,8,5,1,1,9,1,1,32,15,9,1,2,2,8,0,0,1,0
7,7,8,8,0,0,8,0,1,42,12,8,1,NA,2,6,0,0,1,0
7,7,8,6,1,1,4,1,1,71,8,4,1,2,2,5,0,0,1,0
5,5,8,6,1,1,8,0,1,73,6,8,1,NA,2,4,0,0,1,0
3,3,9,5,1,1,7,1,2,44,14,7,1,2,2,5,0,0,1,0
6,7,8,7,1,1,4,1,2,71,9,4,2,2,2,6,0,0,1,0
6,3,8,7,1,1,8,0,1,67,11,8,1,NA,2,9,0,0,1,0
6,6,7,7,1,1,8,NA,2,48,14,8,1,NA,3,5,0,0,1,0
5,5,8,7,1,1,2,1,2,67,10,2,2,2,2,5,0,0,1,0
3,5,7,5,1,1,6,1,2,47,14,6,1,2,2,3,0,0,1,0
8,7,9,7,1,1,1,0,2,40,13,1,1,2,4,NA,0,0,1,0
4,4,9,6,1,1,8,NA,1,26,9,8,1,NA,3,7,0,0,1,0
5,4,10,5,1,1,3,0,2,65,19,3,2,2,2,7,0,0,1,0
1,2,7,4,1,1,6,NA,2,51,NA,6,2,2,3,3,0,0,1,0
2,3,7,3,1,1,10,NA,2,18,11,10,2,2,2,5,0,0,1,0
4,3,3,4,1,1,10,NA,1,59,18,10,2,1,1,3,0,0,1,0
5,4,8,7,1,1,5,NA,2,38,18,5,2,1,3,8,0,0,1,0
2,8,9,8,1,1,4,1,2,68,14,4,2,2,2,4,0,0,1,0
4,2,7,2,1,1,8,0,2,26,11,8,1,NA,2,6,0,0,1,0
5,1,8,5,1,1,8,NA,1,25,10,8,1,NA,1,7,0,0,1,0
3,5,9,7,1,1,7,0,1,36,16,7,1,2,2,4,0,0,1,0
6,7,7,6,1,1,7,1,1,57,10,7,1,2,2,3,0,0,1,0
4,5,7,5,1,1,2,0,2,41,10,2,1,2,4,5,0,0,1,0
6,7,8,7,1,1,5,0,2,30,18,5,2,2,2,4,0,0,1,0
7,6,8,6,1,1,3,1,2,72,12,3,2,2,2,6,0,0,1,0
5,6,9,4,1,1,1,1,2,40,13,1,1,1,2,7,0,0,1,0
6,7,9,7,1,1,6,0,2,74,8,6,1,8,3,NA,0,0,1,0
6,6,8,7,1,1,4,1,2,72,11,4,2,2,2,2,0,0,1,0
7,7,7,8,0,0,6,0,2,45,16,6,2,2,2,1,0,0,1,0
5,6,6,7,1,1,6,1,2,30,13,6,1,2,2,4,0,0,1,0
5,6,7,7,1,1,9,0,2,47,14,9,1,2,2,6,0,0,1,0
7,7,8,7,1,1,10,NA,1,32,6,10,2,2,3,9,0,0,1,0
6,5,6,8,0,0,10,0,1,38,21,10,1,2,3,5,0,0,1,0
5,5,7,7,1,1,8,0,2,49,15,8,1,NA,2,2,0,0,1,0
7,6,9,7,0,0,9,0,2,44,15,9,1,2,2,7,0,0,1,0
7,6,7,8,0,0,NA,0,1,37,12,NA,2,NA,2,5,0,0,1,0
7,5,7,6,1,1,8,0,1,46,12,8,1,NA,2,4,0,0,1,0
7,6,7,6,0,0,4,1,1,65,16,4,1,2,2,2,0,0,1,0
6,7,8,7,0,0,3,1,2,81,9,3,1,2,4,1,0,0,1,0
8,5,8,8,1,1,NA,1,1,59,10,NA,1,NA,2,5,0,0,1,0
8,7,8,8,0,0,3,0,1,70,11,3,1,2,2,8,0,0,1,0
4,4,6,7,1,1,NA,NA,1,39,10,NA,1,NA,2,7,0,0,1,0
5,5,8,5,1,1,5,NA,1,28,13,5,2,2,3,6,0,0,1,0
6,5,9,5,0,0,8,1,1,63,12,8,1,NA,2,7,0,0,1,0
3,6,10,6,1,1,9,1,2,71,11,9,1,2,3,7,0,0,1,0
3,6,5,6,1,1,9,0,1,85,11,9,2,1,2,8,0,0,1,0
7,7,7,4,0,0,3,0,2,61,18,3,2,2,1,5,0,0,1,0
6,6,8,8,0,0,6,0,1,20,14,6,2,1,2,4,0,0,1,0
4,6,9,5,1,1,10,0,2,35,12,10,1,2,2,5,0,0,1,0
5,7,8,7,1,1,5,0,1,50,20,5,2,2,1,2,0,0,1,0
2,3,5,0,1,1,7,1,2,23,15,7,1,1,2,4,0,0,1,0
6,5,6,5,1,1,8,NA,2,68,39,8,2,NA,2,6,0,0,1,0
7,7,8,7,1,1,10,1,2,49,13,10,1,2,2,5,0,0,1,0
3,7,9,7,1,1,5,1,2,26,18,5,1,2,2,4,0,0,1,0
8,7,8,8,1,1,9,1,1,63,12,9,1,2,2,4,0,0,1,0
3,6,8,7,1,1,9,1,2,72,14,9,1,2,1,3,0,0,1,0
7,4,6,6,1,1,3,1,2,72,6,3,2,2,3,6,0,0,1,0
8,7,8,8,1,1,10,0,1,38,18,10,1,2,1,9,0,0,1,0
4,8,8,8,1,1,NA,NA,2,17,12,NA,2,NA,2,4,0,0,1,0
7,8,8,8,1,1,9,1,1,27,23,9,2,1,3,5,0,0,1,0
8,7,0,7,1,1,10,1,1,55,15,10,1,2,1,3,0,0,1,0
3,1,10,7,0,0,3,0,1,71,10,3,1,2,3,5,0,0,1,0
8,7,8,7,1,1,10,1,1,62,12,10,1,2,1,6,0,0,1,0
5,4,7,5,1,1,3,1,2,62,8,3,1,2,2,5,0,0,1,0
8,6,8,6,0,0,4,NA,2,62,13,4,1,2,3,5,0,0,1,0
6,8,9,8,0,0,9,0,1,53,17,9,1,1,2,3,0,0,1,0
6,6,5,7,0,0,4,NA,1,26,10,4,2,2,3,4,0,0,1,0
7,6,7,6,0,0,3,1,2,81,12,3,2,2,2,7,0,0,1,0
6,6,9,8,0,0,NA,0,1,18,15,NA,2,NA,3,8,0,0,1,0
4,5,8,NA,1,1,4,1,1,38,11,4,2,2,1,5,0,0,1,0
5,5,7,6,1,1,1,0,2,30,11,1,2,2,3,2,0,0,1,0
2,5,8,3,0,0,10,0,2,51,17,10,1,2,2,4,0,0,1,0
5,0,8,5,0,0,3,NA,2,57,12,3,1,2,2,7,0,0,1,0
1,1,7,5,1,1,5,1,1,69,15,5,1,1,2,6,0,0,1,0
2,3,7,NA,1,1,2,0,2,39,12,2,2,1,3,1,0,0,1,0
8,8,8,9,0,0,9,0,1,54,NA,9,1,2,1,7,0,0,1,0
7,7,6,8,1,1,6,0,1,47,23,6,2,1,2,6,0,0,1,0
7,8,8,8,1,1,6,0,1,26,18,6,2,2,2,6,0,0,1,0
8,6,8,6,1,1,4,0,2,84,15,4,2,2,2,7,0,0,1,0
4,6,7,6,1,1,NA,1,2,73,10,NA,2,NA,2,7,0,0,1,0
5,7,8,8,1,1,10,0,1,43,13,10,1,2,2,8,0,0,1,0
5,5,6,6,1,1,2,0,1,34,20,2,2,1,2,3,0,0,1,0
7,6,7,7,0,0,10,1,1,27,16,10,1,2,1,7,0,0,1,0
7,3,7,3,0,0,7,NA,2,42,10,7,1,2,3,5,0,0,1,0
5,6,7,6,1,1,9,0,1,58,15,9,1,2,2,5,0,0,1,0
6,6,7,6,0,0,6,0,2,37,22,6,2,2,2,5,0,0,1,0
1,0,5,0,1,1,7,0,2,36,12,7,1,2,4,10,0,0,1,0
9,NA,7,4,0,0,NA,NA,1,16,10,NA,2,NA,3,NA,0,0,1,0
9,9,10,9,0,0,9,1,1,28,15,9,1,2,3,5,0,0,1,0
6,5,6,8,1,1,NA,0,2,49,13,NA,1,NA,2,2,0,0,1,0
8,8,9,8,1,1,9,0,1,60,20,9,1,2,1,4,0,0,1,0
2,5,4,3,1,1,6,0,1,43,11,6,1,2,2,5,0,0,1,0
5,5,7,6,1,1,10,0,2,53,18,10,1,2,2,5,0,0,1,0
4,4,7,7,1,1,NA,0,2,36,13,NA,1,NA,3,5,0,0,1,0
5,6,6,8,0,0,7,0,1,45,14,7,1,2,2,7,0,0,1,0
1,0,8,0,0,0,5,1,1,66,16,5,2,1,1,NA,0,0,1,0
6,6,6,7,1,1,9,0,1,40,14,9,2,2,2,5,0,0,1,0
5,7,10,7,0,0,6,1,2,76,15,6,2,2,2,4,0,0,1,0
3,6,7,8,1,1,10,NA,2,17,11,10,2,2,2,6,0,0,1,0
2,4,4,5,0,0,3,1,2,36,7,3,2,1,3,5,0,0,1,0
8,0,8,4,0,0,NA,0,1,42,17,NA,2,NA,2,6,0,0,1,0
5,6,8,6,1,1,7,0,2,61,16,7,1,2,3,4,0,0,1,0
5,5,8,7,1,1,10,0,1,53,18,10,1,2,1,6,0,0,1,0
6,8,7,8,1,1,4,1,2,53,18,4,2,1,1,4,0,0,1,0
5,5,7,6,0,0,8,NA,1,48,10,8,1,NA,3,5,0,0,1,0
5,7,6,7,1,1,NA,1,1,75,18,NA,1,NA,2,8,0,0,1,0
5,7,8,5,1,1,9,0,1,90,13,9,2,2,2,6,0,0,1,0
5,6,7,5,1,1,9,1,1,28,20,9,1,1,1,7,0,0,1,0
2,5,9,7,1,1,3,0,2,61,9,3,1,1,3,5,0,0,1,0
7,4,9,5,1,1,7,1,2,25,14,7,1,1,2,4,0,0,1,0
7,7,8,7,1,1,7,1,2,71,16,7,1,2,2,8,0,0,1,0
6,4,7,7,1,1,2,0,2,56,NA,2,2,2,3,5,0,0,1,0
7,5,7,6,1,1,4,0,1,31,21,4,2,2,2,6,0,0,1,0
7,5,7,7,1,1,10,1,2,35,17,10,1,2,2,NA,0,0,1,0
7,7,8,7,1,1,5,1,2,75,13,5,2,2,2,7,0,0,1,0
6,7,9,6,1,1,3,0,1,24,18,3,2,2,2,2,0,0,1,0
4,3,8,6,1,1,7,1,1,52,11,7,1,2,4,6,0,0,1,0
4,7,9,5,1,1,6,NA,2,86,18,6,2,2,3,5,0,0,1,0
4,4,6,8,0,0,4,1,1,74,NA,4,2,2,2,5,0,0,1,0
2,3,8,3,1,1,5,0,2,55,20,5,2,2,3,7,0,0,1,0
4,6,7,7,1,1,8,0,1,77,13,8,1,NA,1,6,0,0,1,0
7,7,7,7,1,1,6,0,1,74,21,6,2,2,2,4,0,0,1,0
7,7,8,7,1,1,1,1,1,19,13,1,2,2,2,6,0,0,1,0
7,7,8,8,1,1,5,1,1,27,18,5,2,1,2,3,0,0,1,0
7,4,7,4,0,0,5,0,1,21,14,5,2,2,2,2,0,0,1,0
6,6,7,6,0,0,10,1,1,67,3,10,1,2,2,3,0,0,1,0
8,10,9,10,1,1,10,NA,2,47,16,10,1,2,2,3,0,0,1,0
5,5,8,4,1,1,2,1,2,47,10,2,2,2,1,6,0,0,1,0
5,5,5,5,1,1,4,NA,1,64,8,4,1,2,4,NA,0,0,1,0
5,6,9,6,1,1,4,0,1,36,21,4,1,2,2,2,0,0,1,0
7,4,8,8,1,1,10,0,1,55,20,10,1,1,2,7,0,0,1,0
7,8,7,8,1,1,NA,0,2,36,20,NA,1,NA,2,4,0,0,1,0
6,5,8,8,1,1,10,1,1,56,10,10,1,1,2,4,0,0,1,0
7,7,NA,7,0,0,NA,1,1,63,11,NA,1,NA,2,6,0,0,1,0
6,7,8,8,1,1,10,0,1,37,14,10,1,2,2,7,0,0,1,0
7,7,8,8,1,1,NA,1,2,44,13,NA,2,NA,3,4,0,0,1,0
6,5,7,6,0,0,7,1,2,31,19,7,1,2,2,6,0,0,1,0
3,2,5,3,0,0,5,0,2,57,8,5,1,2,4,6,0,0,1,0
8,7,8,7,0,0,9,NA,1,32,15,9,1,2,3,5,0,0,1,0
4,5,4,7,0,0,4,1,1,68,14,4,1,2,2,4,0,0,1,0
5,6,8,7,0,0,8,0,1,60,10,8,1,NA,3,6,0,0,1,0
7,5,8,7,0,0,10,1,2,45,16,10,1,2,2,8,0,0,1,0
2,5,7,5,0,0,NA,0,2,47,13,NA,1,NA,2,5,0,0,1,0
8,7,10,8,0,0,8,1,1,56,7,8,1,NA,2,5,0,0,1,0
7,5,10,7,0,0,5,1,1,27,12,5,2,2,2,9,0,0,1,0
7,6,9,9,1,1,10,1,2,36,13,10,1,2,1,6,0,0,1,0
5,6,8,6,1,1,4,1,2,45,15,4,1,1,2,5,0,0,1,0
1,4,8,8,1,1,10,0,1,49,15,10,1,2,2,9,0,0,1,0
8,7,9,7,1,1,7,1,1,54,19,7,1,2,2,6,0,0,1,0
4,7,8,8,1,1,5,NA,1,16,14,5,2,2,2,3,0,0,1,0
8,5,8,8,1,1,10,NA,1,65,10,10,1,2,4,5,0,0,1,0
6,7,8,7,1,1,9,NA,2,42,13,9,1,2,3,6,0,0,1,0
5,7,7,7,1,1,7,1,1,61,15,7,2,2,2,6,0,0,1,0
6,3,7,6,1,1,5,0,2,62,10,5,1,2,2,7,0,0,1,0
7,6,7,6,0,0,5,0,1,56,12,5,1,2,2,8,0,0,1,0
7,7,8,8,1,1,7,0,2,46,14,7,2,2,2,5,0,0,1,0
8,7,9,8,1,1,NA,1,1,67,10,NA,1,NA,2,NA,0,0,1,0
7,7,9,7,1,1,8,1,2,57,13,8,1,NA,2,6,0,0,1,0
7,4,9,6,1,1,4,0,1,84,8,4,1,2,2,8,0,0,1,0
4,4,9,4,1,1,10,0,2,47,7,10,1,2,3,7,0,0,1,0
7,3,9,3,1,1,4,0,2,47,12,4,2,1,3,2,0,0,1,0
6,7,9,7,0,0,7,1,2,53,22,7,2,2,2,3,0,0,1,0
5,5,8,6,1,1,4,NA,2,78,10,4,2,2,2,5,0,0,1,0
7,7,8,8,1,1,5,1,1,37,15,5,2,1,4,5,0,0,1,0
9,9,9,7,1,1,10,1,1,88,12,10,1,2,2,8,0,0,1,0
8,7,9,8,1,1,7,0,1,48,17,7,2,2,1,8,0,0,1,0
8,7,9,8,1,1,10,0,1,47,20,10,1,2,2,7,0,0,1,0
8,6,9,6,1,1,4,0,1,62,7,4,1,2,2,7,0,0,1,0
4,4,7,6,1,1,3,1,1,71,10,3,1,2,3,4,0,0,1,0
6,6,5,6,1,1,3,1,2,76,10,3,1,2,2,4,0,0,1,0
6,6,9,6,1,1,3,NA,2,79,7,3,2,2,4,6,0,0,1,0
8,8,8,8,1,1,6,1,2,78,8,6,1,2,1,4,0,0,1,0
9,7,10,6,1,1,3,0,2,68,10,3,1,2,1,7,0,0,1,0
7,4,5,8,0,0,9,1,2,35,12,9,1,2,2,3,0,0,1,0
6,6,9,8,1,1,5,1,2,57,8,5,1,2,2,7,0,0,1,0
0,1,7,6,1,1,5,1,2,35,10,5,1,2,4,1,0,0,1,0
6,6,7,6,1,1,10,0,2,50,11,10,1,2,3,6,0,0,1,0
6,4,7,5,0,0,5,0,2,55,8,5,1,2,2,5,0,0,1,0
4,2,9,2,0,0,10,0,2,50,11,10,1,2,1,8,0,0,1,0
4,5,8,7,1,1,5,1,1,25,19,5,2,2,2,6,0,0,1,0
5,6,8,9,0,0,5,0,1,25,21,5,1,2,2,2,0,0,1,0
5,6,4,8,1,1,8,1,1,46,9,8,2,NA,1,3,0,0,1,0
6,6,7,7,0,0,10,0,2,34,20,10,1,2,3,3,0,0,1,0
7,6,8,6,1,1,9,0,1,28,14,9,1,2,1,7,0,0,1,0
4,4,8,8,1,1,5,0,2,51,12,5,2,1,2,5,0,0,1,0
4,5,5,8,0,0,1,1,2,54,10,1,2,2,3,5,0,0,1,0
7,7,8,8,1,1,5,0,2,63,8,5,2,2,3,3,0,0,1,0
4,2,7,4,1,1,7,0,2,49,11,7,1,2,2,5,0,0,1,0
5,5,6,5,1,1,1,0,2,61,8,1,2,2,4,7,0,0,1,0
7,8,9,7,1,1,10,0,1,37,20,10,1,2,2,8,0,0,1,0
7,6,8,6,1,1,6,1,2,31,14,6,2,2,2,5,0,0,1,0
8,7,8,7,1,1,8,0,1,61,16,8,1,NA,2,7,0,0,1,0
5,7,8,7,1,1,8,0,1,42,13,8,2,NA,2,7,0,0,1,0
8,3,9,9,1,1,10,1,1,34,18,10,1,2,2,1,0,0,1,0
5,4,8,8,0,0,10,1,2,46,22,10,1,2,2,3,0,0,1,0
7,7,9,9,1,1,10,0,2,43,20,10,1,2,1,6,0,0,1,0
6,7,9,9,1,1,8,0,2,48,20,8,2,NA,1,5,0,0,1,0
3,2,7,4,0,0,10,0,1,23,10,10,2,2,2,5,0,0,1,0
7,4,7,2,1,1,9,NA,1,47,18,9,2,1,2,7,0,0,1,0
3,4,7,4,1,1,8,NA,2,48,15,8,1,NA,2,4,0,0,1,0
5,4,7,6,1,1,5,1,1,51,12,5,2,1,2,6,0,0,1,0
6,7,6,7,1,1,4,1,2,41,16,4,2,2,3,5,0,0,1,0
5,6,7,8,1,1,5,1,2,45,15,5,2,2,2,7,0,0,1,0
4,5,7,4,1,1,1,0,2,55,9,1,2,2,3,3,0,0,1,0
2,0,7,1,0,0,5,0,1,52,12,5,1,2,1,0,0,0,1,0
6,8,9,8,0,0,3,1,1,38,13,3,1,2,2,5,0,0,1,0
6,3,3,3,1,1,4,0,2,51,10,4,2,2,2,4,0,0,1,0
0,0,7,2,0,0,6,0,2,72,9,6,2,2,3,7,0,0,1,0
4,4,6,4,0,0,2,1,1,41,10,2,2,2,2,5,0,0,1,0
3,5,9,6,0,0,5,1,1,79,9,5,1,1,2,7,0,0,1,0
4,6,8,7,1,1,9,0,1,46,18,9,1,2,2,7,0,0,1,0
8,7,8,7,1,1,3,0,2,30,15,3,2,2,2,5,0,0,1,0
5,4,7,6,1,1,9,1,1,54,10,9,1,2,2,6,0,0,1,0
6,4,10,4,1,1,4,1,2,78,8,4,2,2,4,5,0,0,1,0
6,7,9,7,0,0,6,1,2,58,10,6,1,2,2,5,0,0,1,0
3,6,8,5,1,1,4,1,2,69,8,4,2,2,2,5,0,0,1,0
8,8,9,9,1,1,1,NA,1,37,12,1,2,1,2,5,0,0,1,0
6,6,7,7,0,0,2,NA,2,21,10,2,2,2,2,5,0,0,1,0
5,8,6,5,1,1,1,1,2,72,6,1,2,1,3,3,0,0,1,0
7,4,8,5,1,1,9,0,1,29,12,9,1,2,2,7,0,0,1,0
7,7,8,8,1,1,6,1,2,27,10,6,1,2,2,4,0,0,1,0
7,7,10,7,1,1,3,1,2,51,12,3,2,1,2,7,0,0,1,0
7,7,8,8,1,1,6,1,2,80,16,6,1,2,1,0,0,0,1,0
3,3,5,5,1,1,4,1,1,53,12,4,1,2,4,4,0,0,1,0
2,4,3,5,1,1,5,NA,1,56,11,5,1,1,2,0,0,0,1,0
4,4,7,5,1,1,1,0,2,52,9,1,2,1,2,4,0,0,1,0
7,7,7,7,1,1,5,1,1,31,14,5,1,2,4,6,0,0,1,0
3,4,7,6,1,1,6,0,2,50,17,6,2,2,2,5,0,0,1,0
7,7,6,3,1,1,5,0,1,33,10,5,2,2,2,7,0,0,1,0
4,3,7,3,1,1,7,1,2,72,8,7,1,2,3,5,0,0,1,0
7,7,8,5,1,1,8,0,2,48,14,8,1,NA,2,7,0,0,1,0
3,4,9,6,1,1,9,0,1,52,14,9,1,1,1,4,0,0,1,0
2,5,7,3,1,1,2,1,2,61,10,2,2,2,2,2,0,0,1,0
7,7,9,8,1,1,8,1,2,24,17,8,2,NA,2,2,0,0,1,0
3,7,2,6,1,1,1,1,1,43,9,1,2,1,2,3,0,0,1,0
4,5,9,3,1,1,8,0,2,66,10,8,1,NA,3,4,0,0,1,0
6,6,8,6,1,1,10,0,2,54,16,10,1,2,2,2,0,0,1,0
5,5,8,5,1,1,4,NA,1,42,9,4,1,2,2,5,0,0,1,0
8,7,7,6,1,1,8,0,1,70,13,8,1,NA,2,5,0,0,1,0
7,7,8,8,1,1,9,0,2,58,10,9,1,2,3,NA,0,0,1,0
4,4,1,3,1,1,2,NA,2,61,13,2,2,2,4,5,0,0,1,0
6,7,7,7,1,1,NA,0,1,72,20,NA,1,NA,1,3,0,0,1,0
7,6,7,5,1,1,NA,0,2,69,11,NA,1,NA,2,6,0,0,1,0
6,6,8,7,1,1,6,1,1,62,8,6,1,1,2,4,0,0,1,0
2,0,4,1,1,1,8,0,1,62,11,8,1,NA,2,4,0,0,1,0
9,8,10,8,1,1,2,NA,1,16,10,2,2,2,3,2,0,0,1,0
7,6,7,6,1,1,8,0,2,24,15,8,1,NA,3,2,0,0,1,0
2,4,7,7,1,1,9,NA,1,40,12,9,1,2,2,5,0,0,1,0
6,5,6,7,1,1,7,1,1,47,10,7,1,1,2,5,0,0,1,0
7,6,8,4,1,1,9,0,1,56,14,9,1,2,4,8,0,0,1,0
2,0,9,1,1,1,2,0,2,69,15,2,2,1,3,8,0,0,1,0
8,3,5,4,1,1,6,NA,1,42,15,6,2,1,2,7,0,0,1,0
6,8,8,8,1,1,NA,NA,1,15,9,NA,2,NA,2,5,0,0,1,0
6,7,8,7,1,1,8,0,1,82,18,8,2,NA,1,1,0,0,1,0
7,6,7,6,0,0,6,0,2,41,12,6,1,1,4,5,0,0,1,0
4,3,8,4,0,0,6,NA,1,71,8,6,2,2,4,NA,0,0,1,0
7,6,7,6,0,0,7,1,2,35,11,7,1,2,2,7,0,0,1,0
4,4,8,2,1,1,8,0,1,52,15,8,1,NA,2,5,0,0,1,0
5,4,7,6,1,1,8,1,1,47,12,8,1,NA,2,5,0,0,1,0
5,3,8,4,1,1,4,0,2,60,16,4,2,1,2,8,0,0,1,0
7,7,8,6,1,1,9,1,1,52,15,9,1,2,1,7,0,0,1,0
7,5,8,6,1,1,1,1,2,79,10,1,2,2,2,2,0,0,1,0
7,5,9,5,1,1,10,0,2,46,16,10,1,1,3,4,0,0,1,0
2,4,4,3,1,1,NA,0,2,52,15,NA,1,NA,2,3,0,0,1,0
7,6,8,7,1,1,7,1,2,62,10,7,1,2,1,3,0,0,1,0
7,6,9,9,1,1,5,0,1,27,16,5,1,2,2,7,0,0,1,0
5,4,8,4,0,0,2,NA,2,47,12,2,1,2,2,5,0,0,1,0
6,5,7,5,1,1,2,NA,1,64,13,2,2,2,4,0,0,0,1,0
7,5,8,6,1,1,5,1,1,69,8,5,2,2,1,2,0,0,1,0
6,7,8,7,1,1,2,1,2,65,8,2,2,2,2,10,0,0,1,0
2,2,2,2,1,1,2,1,2,77,8,2,2,2,3,0,0,0,1,0
6,7,9,8,1,1,10,1,2,37,19,10,1,2,1,5,0,0,1,0
4,6,8,6,1,1,7,1,1,44,11,7,1,1,2,4,0,0,1,0
5,5,8,5,1,1,7,0,1,63,19,7,1,2,1,8,0,0,1,0
6,7,8,7,1,1,10,1,1,52,11,10,2,2,2,6,0,0,1,0
7,7,9,7,1,1,9,0,2,51,18,9,1,2,2,6,0,0,1,0
5,5,7,5,0,0,1,1,2,57,8,1,2,2,4,5,0,0,1,0
5,6,8,6,1,1,3,1,1,78,6,3,2,2,3,8,0,0,1,0
8,8,10,8,1,1,10,1,2,45,10,10,1,2,2,4,0,0,1,0
5,5,9,6,1,1,3,0,1,54,16,3,1,1,1,5,0,0,1,0
6,6,6,6,0,0,6,NA,1,73,8,6,2,2,4,7,0,0,1,0
5,2,7,2,1,1,10,0,2,29,15,10,1,2,2,3,0,0,1,0
6,3,9,5,1,1,8,0,1,67,14,8,1,NA,1,3,0,0,1,0
8,7,8,8,1,1,6,1,2,34,13,6,1,2,3,5,0,0,1,0
8,7,8,7,0,0,8,1,1,69,10,8,1,NA,3,6,0,0,1,0
8,8,8,9,1,1,8,1,1,38,20,8,1,NA,1,3,0,0,1,0
6,5,7,8,0,0,9,1,2,41,14,9,1,2,2,4,0,0,1,0
5,2,8,2,1,1,9,0,1,55,16,9,1,2,2,5,0,0,1,0
7,7,7,4,1,1,8,1,1,31,13,8,1,NA,2,6,0,0,1,0
6,7,8,7,1,1,2,1,1,68,6,2,2,2,1,2,0,0,1,0
4,4,8,9,1,1,8,0,1,28,23,8,2,NA,2,2,0,0,1,0
9,5,10,7,1,1,NA,0,2,61,19,NA,2,NA,2,0,0,0,1,0
5,6,7,7,1,1,5,1,2,65,17,5,2,2,2,3,0,0,1,0
6,7,9,9,1,1,9,1,1,35,17,9,1,2,2,8,0,0,1,0
6,5,9,4,1,1,1,0,2,43,15,1,2,1,1,2,0,0,1,0
5,5,8,3,1,1,6,NA,1,61,8,6,1,2,4,7,0,0,1,0
5,5,7,5,1,1,4,0,2,48,13,4,2,2,2,2,0,0,1,0
4,6,7,4,1,1,7,NA,1,52,10,7,1,1,2,5,0,0,1,0
0,5,2,5,0,0,3,NA,2,18,12,3,2,1,2,5,0,0,1,0
6,7,9,6,1,1,9,NA,1,24,12,9,1,2,3,7,0,0,1,0
7,7,8,7,1,1,5,1,1,54,17,5,2,2,1,3,0,0,1,0
8,6,8,8,0,0,3,1,2,45,6,3,2,2,2,3,0,0,1,0
7,7,8,7,1,1,8,1,1,44,18,8,1,NA,2,3,0,0,1,0
8,7,10,9,0,0,2,1,2,62,14,2,1,2,3,7,0,0,1,0
8,7,4,7,0,0,9,0,1,48,22,9,1,1,3,5,0,0,1,0
6,8,6,8,0,0,1,1,1,46,12,1,1,1,1,8,0,0,1,0
8,7,NA,9,1,1,9,0,1,38,19,9,2,2,3,3,0,0,1,0
2,2,3,3,1,1,3,1,2,52,18,3,2,1,2,1,0,0,1,0
9,5,10,9,0,0,7,1,1,24,17,7,1,2,2,3,0,0,1,0
4,6,9,8,1,1,1,1,1,52,15,1,2,2,3,10,0,0,1,0
4,4,5,5,1,1,8,0,2,64,14,8,1,NA,2,6,0,0,1,0
7,6,10,8,1,1,4,0,1,31,21,4,2,1,1,4,0,0,1,0
6,6,9,8,1,1,NA,0,1,37,16,NA,1,NA,3,8,0,0,1,0
5,6,8,6,1,1,9,NA,1,43,18,9,1,1,2,3,0,0,1,0
5,7,7,8,1,1,4,0,2,33,21,4,2,2,2,2,0,0,1,0
5,4,8,6,1,1,7,0,1,24,15,7,1,2,2,7,0,0,1,0
7,4,6,7,1,1,NA,1,2,79,10,NA,2,NA,2,4,0,0,1,0
2,2,7,6,1,1,10,0,1,49,25,10,1,2,2,5,0,0,1,0
9,8,9,9,1,1,10,1,1,59,9,10,1,2,2,3,0,0,1,0
8,6,8,9,1,1,10,0,1,52,26,10,1,2,1,9,0,0,1,0
8,7,9,8,1,1,10,0,2,52,29,10,2,2,2,6,0,0,1,0
6,7,8,6,1,1,8,0,1,35,18,8,1,NA,2,7,0,0,1,0
3,7,8,6,1,1,10,0,1,50,18,10,1,2,2,4,0,0,1,0
3,5,10,5,1,1,1,1,2,60,6,1,1,2,2,10,0,0,1,0
6,7,9,8,1,1,9,0,2,27,17,9,1,1,2,2,0,0,1,0
4,7,9,8,1,1,4,0,2,76,13,4,1,2,2,6,0,0,1,0
3,6,8,6,1,1,8,1,2,41,15,8,1,NA,3,7,0,0,1,0
7,4,8,7,0,0,3,0,2,63,8,3,1,2,3,9,0,1,0,0
5,5,0,1,0,0,7,NA,1,88,16,7,2,2,1,1,0,1,0,0
5,3,9,5,0,0,4,1,2,83,6,4,2,2,2,7,0,1,0,0
9,9,9,9,1,1,10,1,2,61,9,10,1,2,2,6,0,1,0,0
5,4,9,7,0,0,NA,1,2,48,24,NA,1,NA,2,3,0,1,0,0
6,4,7,4,0,0,2,1,1,31,14,2,2,2,2,7,0,1,0,0
7,7,8,8,0,0,8,1,1,47,15,8,1,NA,2,4,0,1,0,0
6,7,8,7,1,1,8,0,2,54,16,8,1,NA,2,4,0,0,1,0
8,6,6,10,1,1,8,1,2,40,13,8,1,NA,2,6,0,0,1,0
7,5,6,7,1,1,7,1,1,35,16,7,2,1,1,4,0,0,1,0
4,4,5,4,0,0,NA,1,1,94,12,NA,2,NA,1,7,0,0,1,0
6,7,8,8,0,0,9,1,2,40,14,9,1,2,1,4,0,0,1,0
7,7,10,6,1,1,9,1,2,64,14,9,1,1,2,3,0,0,1,0
5,6,8,7,0,0,9,0,2,40,13,9,1,2,4,7,0,0,1,0
8,5,8,7,0,0,5,0,2,38,16,5,2,2,3,6,0,0,1,0
5,6,8,6,1,1,10,1,1,46,10,10,1,2,2,5,0,0,1,0
6,7,8,7,0,0,9,1,1,50,20,9,1,1,1,4,0,0,1,0
7,6,9,7,0,0,9,1,2,36,24,9,1,1,2,5,0,0,1,0
7,4,7,8,0,0,7,0,2,58,14,7,2,2,2,3,0,0,1,0
6,6,7,NA,1,1,3,0,1,41,20,3,2,1,2,5,0,0,1,0
6,7,7,7,0,0,2,0,1,60,13,2,2,2,2,7,0,0,1,0
6,3,6,5,1,1,4,1,2,79,11,4,2,2,4,8,0,0,1,0
8,5,10,8,1,1,9,1,2,81,11,9,2,1,4,5,0,0,1,0
7,5,8,6,1,1,9,0,1,86,10,9,2,2,1,8,0,0,1,0
3,5,8,6,1,1,10,0,1,56,18,10,1,2,2,4,0,1,0,0
5,7,10,7,1,1,8,NA,2,17,11,8,2,NA,2,5,0,1,0,0
4,4,8,5,1,1,10,0,2,56,11,10,1,2,2,7,0,1,0,0
6,6,7,8,1,1,NA,NA,1,19,13,NA,2,NA,2,5,0,1,0,0
4,3,8,7,1,1,6,0,2,35,13,6,2,2,2,7,0,0,1,0
5,0,5,0,0,0,3,NA,1,64,10,3,2,2,4,5,0,0,1,0
9,5,8,5,0,0,6,0,2,78,13,6,1,2,2,8,0,0,1,0
2,4,8,5,1,1,4,0,2,62,20,4,2,2,2,9,0,0,1,0
6,5,8,6,1,1,9,1,1,31,15,9,2,2,2,6,0,0,1,0
3,6,1,1,1,1,2,NA,2,69,8,2,2,8,4,NA,0,0,1,0
2,2,5,2,1,1,6,NA,2,42,10,6,1,2,3,8,0,0,1,0
7,7,8,7,1,1,7,1,1,30,15,7,1,2,3,8,0,1,0,0
NA,3,8,NA,1,1,4,0,1,32,11,4,1,2,3,9,0,1,0,0
4,5,5,5,1,1,5,1,2,56,6,5,1,2,3,5,0,0,1,0
7,8,8,7,1,1,7,1,2,59,15,7,1,2,2,5,0,0,1,0
6,4,8,5,1,1,5,0,1,27,9,5,1,2,2,7,0,0,1,0
5,4,7,5,1,1,1,1,2,42,11,1,2,1,2,8,0,0,1,0
7,7,10,7,1,1,6,1,2,87,14,6,2,2,2,7,0,0,1,0
6,7,8,7,1,1,9,1,1,72,15,9,1,2,2,7,0,0,1,0
5,6,7,6,1,1,5,1,2,51,13,5,2,2,2,5,0,0,1,0
7,8,8,7,1,1,6,1,2,45,16,6,1,2,2,2,0,0,1,0
5,7,9,7,0,0,2,1,2,84,6,2,2,2,2,6,0,0,1,0
9,5,4,7,1,1,5,NA,1,81,8,5,2,2,3,6,0,0,1,0
6,6,8,7,1,1,1,1,1,22,14,1,2,2,2,6,0,0,1,0
8,7,8,8,1,1,9,0,2,39,18,9,1,1,2,4,0,0,1,0
5,5,9,7,1,1,4,0,2,52,14,4,2,2,3,5,0,1,0,0
7,8,9,7,1,1,3,NA,1,39,6,3,2,2,2,8,0,1,0,0
7,0,5,1,0,0,10,1,2,38,17,10,1,1,2,4,0,1,0,0
7,6,9,8,1,1,10,NA,1,44,15,10,1,2,2,7,0,1,0,0
7,6,7,6,1,1,10,1,1,52,19,10,1,1,3,4,0,1,0,0
8,7,8,9,1,1,10,1,1,39,19,10,1,1,1,3,0,1,0,0
8,8,7,7,1,1,8,0,2,40,22,8,1,NA,2,4,0,1,0,0
2,5,7,8,1,1,10,0,2,47,12,10,1,1,2,5,0,1,0,0
4,8,9,8,1,1,9,1,2,63,18,9,1,2,3,4,0,1,0,0
6,6,8,6,1,1,3,1,2,66,8,3,1,2,2,8,0,0,1,0
7,7,10,7,1,1,1,1,2,54,8,1,1,2,3,7,0,0,1,0
3,4,8,5,0,0,NA,1,2,61,13,NA,1,NA,2,6,0,1,0,0
7,8,9,8,1,1,10,1,2,55,13,10,1,2,1,5,0,1,0,0
6,6,8,7,1,1,7,0,1,39,22,7,1,2,2,5,0,1,0,0
6,6,7,2,1,1,4,NA,2,39,10,4,1,2,4,5,0,0,1,0
1,3,7,5,1,1,NA,NA,2,22,15,NA,2,NA,3,4,0,0,1,0
2,3,9,5,1,1,6,0,1,69,21,6,1,2,1,6,0,0,1,0
8,5,8,4,1,1,2,1,2,87,7,2,2,2,1,7,0,0,1,0
8,8,9,7,1,1,1,NA,1,41,10,1,2,1,2,5,0,0,1,0
6,5,8,4,1,1,8,0,2,28,12,8,1,NA,2,5,0,0,1,0
8,3,8,5,0,0,10,0,1,44,10,10,1,2,2,8,0,0,1,0
6,6,8,4,0,0,8,1,1,43,17,8,1,NA,2,5,0,0,1,0
8,8,9,7,1,1,6,1,1,68,11,6,1,2,2,7,0,0,1,0
8,8,10,8,0,0,8,0,2,71,15,8,1,NA,2,7,0,0,1,0
7,6,8,7,1,1,9,1,1,57,21,9,2,2,2,3,0,0,1,0
5,7,8,5,1,1,6,0,2,51,9,6,1,2,2,7,0,0,1,0
5,7,8,8,1,1,10,1,1,55,24,10,1,2,2,6,0,0,1,0
7,6,8,6,1,1,8,0,2,28,18,8,1,NA,3,6,0,0,1,0
5,7,9,7,1,1,8,0,1,29,12,8,1,NA,2,7,0,0,1,0
3,5,5,9,1,1,5,1,1,51,13,5,1,2,2,5,0,0,1,0
8,8,9,7,1,1,NA,0,2,64,11,NA,1,NA,2,5,0,0,1,0
3,3,8,4,1,1,NA,0,1,78,9,NA,1,NA,3,6,0,0,1,0
7,7,8,6,1,1,8,1,1,58,14,8,1,NA,4,7,0,0,1,0
7,5,9,7,1,1,1,1,2,75,8,1,1,2,3,5,0,0,1,0
9,6,10,10,0,0,10,0,1,56,17,10,1,2,1,6,0,0,1,0
7,7,8,8,0,0,8,1,1,65,15,8,1,NA,2,5,0,0,1,0
3,3,7,3,1,1,10,1,1,35,15,10,1,2,2,5,0,0,1,0
9,8,6,7,1,1,3,0,1,68,11,3,1,1,2,9,0,0,1,0
6,6,8,7,0,0,7,1,1,73,15,7,1,2,2,7,0,0,1,0
7,6,8,7,0,0,1,NA,2,25,9,1,1,2,2,5,0,0,1,0
4,4,7,3,1,1,NA,1,1,77,14,NA,1,NA,1,5,0,0,1,0
6,8,8,7,1,1,3,1,2,79,11,3,2,2,2,5,0,0,0,1
4,6,5,6,1,1,4,1,1,58,9,4,1,2,2,5,0,0,0,1
5,6,7,8,1,1,10,0,2,54,12,10,1,2,2,5,0,0,1,0
3,6,5,3,0,0,2,1,2,61,9,2,1,2,4,0,0,0,0,1
2,2,10,3,1,1,8,NA,1,59,10,8,2,NA,2,8,0,0,0,1
7,7,8,8,1,1,5,1,1,65,15,5,1,1,2,5,0,0,0,1
7,8,7,8,1,1,7,1,1,41,15,7,1,1,2,5,0,0,0,1
6,4,9,5,0,0,9,0,2,39,15,9,1,2,2,5,0,0,0,1
3,6,9,7,1,1,6,0,1,73,15,6,1,2,2,6,0,0,0,1
7,7,8,8,1,1,7,1,1,76,12,7,1,2,2,8,0,0,0,1
6,6,7,6,1,1,3,1,2,52,9,3,2,2,2,5,0,0,0,1
7,7,8,5,1,1,1,0,2,22,14,1,1,1,1,3,0,0,0,1
2,6,8,7,1,1,3,0,2,26,19,3,2,2,2,7,0,0,0,1
6,7,9,6,0,0,8,1,2,39,19,8,1,NA,2,4,0,0,0,1
6,5,8,7,0,0,NA,0,2,22,15,NA,2,NA,3,5,0,0,0,1
8,7,9,8,0,0,5,1,2,28,16,5,1,2,2,6,0,0,0,1
5,4,8,4,1,1,8,1,2,48,17,8,1,NA,2,2,0,0,0,1
9,6,6,6,0,0,1,NA,1,58,8,1,2,1,4,6,0,0,0,1
5,6,8,6,0,0,4,1,2,75,7,4,1,2,2,5,0,0,0,1
6,6,7,5,0,0,5,NA,1,43,20,5,2,1,2,3,0,0,0,1
4,6,8,7,1,1,9,0,1,38,18,9,1,2,1,8,0,0,0,1
7,6,8,7,1,1,8,0,2,39,14,8,1,NA,2,4,0,0,0,1
2,5,6,6,1,1,10,0,2,56,11,10,2,2,1,6,0,0,0,1
6,3,8,3,1,1,10,0,1,37,18,10,1,2,2,8,0,0,0,1
6,6,8,6,1,1,5,NA,1,47,11,5,1,2,3,6,0,0,0,1
4,6,8,7,1,1,10,1,2,40,18,10,1,2,2,5,0,0,0,1
4,4,8,5,1,1,8,0,2,53,11,8,1,NA,4,6,0,0,0,1
7,0,9,5,1,1,6,1,2,51,9,6,1,2,4,5,0,0,0,1
6,6,8,6,0,0,NA,1,1,62,11,NA,1,NA,3,5,0,0,0,1
3,5,8,7,1,1,NA,NA,2,36,13,NA,1,NA,2,6,0,0,0,1
4,2,7,3,0,0,4,0,2,69,9,4,1,2,1,7,0,0,0,1
0,0,0,7,0,0,1,NA,2,49,14,1,2,2,2,0,0,0,0,1
1,1,9,1,0,0,2,NA,2,34,9,2,2,2,4,6,0,0,0,1
6,6,8,7,0,0,8,0,1,34,17,8,1,NA,2,4,0,0,0,1
7,7,9,8,0,0,2,0,2,70,10,2,2,2,2,8,0,0,0,1
5,7,9,7,1,1,8,1,2,43,17,8,1,NA,2,6,0,0,0,1
6,8,8,9,1,1,4,0,1,30,15,4,2,2,2,3,0,0,0,1
7,7,8,7,1,1,8,0,1,55,14,8,1,NA,3,4,0,0,0,1
7,5,7,7,1,1,NA,0,1,40,20,NA,2,NA,2,2,0,0,0,1
8,7,9,9,1,1,9,1,1,57,11,9,1,2,2,7,0,0,0,1
5,7,7,7,1,1,9,1,2,55,15,9,1,2,1,6,0,0,0,1
7,6,9,5,1,1,2,0,1,24,16,2,1,2,2,6,0,0,0,1
8,8,8,8,1,1,6,1,1,79,12,6,1,2,2,5,0,0,0,1
6,6,9,7,1,1,NA,NA,1,55,10,NA,1,NA,2,6,0,0,0,1
6,7,8,7,1,1,NA,1,2,79,10,NA,1,NA,2,8,0,0,0,1
4,5,6,9,1,1,4,NA,2,38,12,4,2,1,3,7,0,0,0,1
3,3,7,5,1,1,NA,0,1,51,14,NA,1,NA,3,8,0,0,0,1
7,7,8,7,1,1,NA,NA,2,38,15,NA,1,NA,4,5,0,0,0,1
2,2,4,7,0,0,10,0,1,47,18,10,1,2,2,6,0,0,0,1
5,6,7,4,1,1,6,1,2,68,11,6,1,2,2,6,0,0,0,1
5,5,5,6,0,0,2,1,2,72,7,2,2,2,3,NA,0,0,0,1
6,6,8,7,1,1,9,1,1,36,15,9,1,2,3,4,0,0,0,1
7,6,8,6,1,1,9,1,1,46,16,9,1,2,2,6,0,0,0,1
8,5,7,7,1,1,5,0,2,30,20,5,1,2,2,3,0,0,0,1
5,6,9,6,0,0,1,0,2,46,12,1,2,2,3,7,0,0,0,1
7,5,7,6,0,0,4,NA,1,57,12,4,2,2,2,NA,0,0,0,1
2,3,7,6,1,1,9,NA,1,50,9,9,1,1,2,3,0,0,0,1
5,4,9,6,1,1,4,1,2,44,13,4,1,2,2,5,0,0,0,1
8,7,8,6,1,1,9,1,1,56,14,9,1,2,2,5,0,0,0,1
6,6,8,7,0,0,5,0,2,61,10,5,1,2,2,5,0,0,0,1
6,6,8,7,1,1,5,1,1,49,11,5,1,2,2,8,0,0,0,1
7,5,8,4,1,1,3,0,1,41,17,3,2,1,1,5,0,0,0,1
6,3,7,6,1,1,10,1,1,33,18,10,1,2,2,4,0,0,0,1
4,7,7,6,1,1,9,1,2,61,12,9,1,2,2,5,0,0,0,1
5,0,0,0,1,1,3,0,2,76,9,3,2,2,2,0,0,0,0,1
5,6,7,6,1,1,10,1,2,54,18,10,1,1,1,2,0,0,0,1
4,3,9,7,0,0,2,1,2,79,7,2,2,2,3,6,0,0,0,1
5,4,8,5,0,0,5,NA,1,65,8,5,1,2,2,6,0,0,0,1
8,7,9,8,0,0,10,0,2,41,17,10,1,1,2,3,0,0,0,1
8,8,8,9,1,1,9,1,1,71,10,9,1,2,2,5,0,0,0,1
4,1,9,5,1,1,9,0,2,43,14,9,1,2,2,5,0,0,0,1
5,6,9,7,1,1,2,1,2,77,10,2,2,2,2,7,0,0,0,1
8,6,10,6,0,0,NA,NA,2,17,10,NA,2,NA,3,3,0,0,0,1
6,5,8,6,1,1,7,0,2,56,15,7,1,2,3,7,0,0,0,1
7,7,7,7,1,1,8,NA,2,39,13,8,1,NA,3,3,0,0,0,1
8,7,8,9,1,1,9,1,1,62,10,9,1,2,1,2,0,0,0,1
6,7,8,8,1,1,9,1,2,42,14,9,1,2,2,6,0,1,0,0
6,2,10,4,1,1,NA,NA,2,36,13,NA,1,NA,2,10,0,1,0,0
3,3,10,5,1,1,NA,NA,2,75,7,NA,2,NA,2,7,0,1,0,0
2,2,7,7,1,1,NA,0,2,31,15,NA,1,NA,3,7,0,1,0,0
4,1,8,2,1,1,NA,0,1,54,16,NA,1,NA,4,5,0,0,0,1
6,6,7,6,1,1,NA,1,2,85,10,NA,2,NA,2,4,0,0,0,1
5,5,7,4,1,1,NA,0,2,81,9,NA,1,NA,3,7,0,0,0,1
5,6,7,6,1,1,NA,1,2,86,6,NA,2,NA,4,8,0,0,0,1
5,5,7,5,0,0,NA,1,1,83,10,NA,2,NA,3,NA,0,0,0,1
4,5,10,3,0,0,3,1,2,76,7,3,2,2,3,7,0,0,0,1
4,6,9,8,1,1,NA,NA,1,18,12,NA,2,NA,2,6,0,0,0,1
6,6,8,5,0,0,NA,NA,2,16,11,NA,2,NA,4,5,0,0,0,1
5,4,8,3,0,0,3,0,1,61,8,3,1,1,2,6,0,0,0,1
6,6,7,7,0,0,8,1,1,45,16,8,1,NA,2,7,0,0,0,1
8,6,9,6,1,1,4,0,1,72,15,4,1,2,3,7,0,0,0,1
7,6,7,7,0,0,6,1,1,73,14,6,2,2,2,6,0,0,0,1
6,6,8,8,0,0,10,1,1,47,22,10,1,1,2,3,0,0,0,1
4,4,8,5,1,1,7,0,2,30,13,7,1,1,2,6,0,0,0,1
6,6,8,7,1,1,9,0,2,46,14,9,1,2,3,5,0,0,0,1
6,4,7,7,0,0,6,0,2,45,20,6,1,1,2,3,0,0,0,1
7,5,7,5,1,1,2,0,1,46,14,2,1,2,2,4,0,0,0,1
7,6,5,6,1,1,8,1,2,36,21,8,1,NA,3,3,0,0,0,1
5,4,6,4,1,1,2,0,2,45,12,2,2,2,3,3,0,0,0,1
8,6,8,8,1,1,8,1,1,51,15,8,1,NA,3,4,0,0,0,1
7,7,7,7,1,1,2,NA,2,84,6,2,2,2,3,7,0,0,0,1
7,7,8,7,0,0,9,0,1,61,15,9,1,2,2,6,0,0,0,1
4,5,8,5,1,1,4,NA,1,45,10,4,2,2,4,NA,0,0,0,1
5,5,8,7,1,1,9,1,1,57,18,9,1,2,2,7,0,0,0,1
2,2,7,2,1,1,10,0,2,21,15,10,2,2,2,5,0,0,0,1
9,9,10,7,0,0,7,1,2,70,14,7,1,2,2,8,0,0,0,1
8,4,9,4,1,1,9,NA,1,24,14,9,2,2,4,7,0,0,0,1
4,7,7,7,1,1,10,0,1,63,16,10,1,2,2,6,0,0,0,1
7,5,9,8,1,1,9,0,2,62,18,9,1,1,3,4,0,0,0,1
8,4,8,8,0,0,5,1,1,36,20,5,2,2,1,5,0,0,0,1
2,2,3,0,1,1,NA,0,1,24,12,NA,2,NA,2,5,0,0,0,1
3,4,8,7,0,0,5,NA,2,15,9,5,2,2,3,6,0,0,0,1
6,4,8,3,0,0,10,NA,1,36,19,10,1,2,1,4,0,0,0,1
7,6,6,7,0,0,9,0,2,55,18,9,1,1,3,4,0,0,0,1
6,7,9,8,1,1,10,0,1,49,14,10,1,2,2,8,0,0,0,1
1,0,2,2,1,1,NA,NA,2,65,8,NA,2,NA,4,NA,0,0,0,1
6,6,8,7,1,1,5,1,2,31,22,5,2,2,2,3,0,0,0,1
8,9,10,9,1,1,3,0,1,85,10,3,2,2,1,7,0,0,0,1
4,7,6,9,1,1,5,NA,1,35,11,5,2,2,3,9,0,0,0,1
5,5,8,NA,1,1,NA,1,2,72,6,NA,1,NA,4,NA,0,0,0,1
5,6,8,7,1,1,9,0,1,70,17,9,1,2,2,6,0,0,0,1
8,8,9,6,1,1,7,1,1,26,20,7,2,2,2,6,0,0,0,1
8,5,9,7,1,1,3,0,1,38,14,3,1,1,3,6,0,0,0,1
7,8,8,7,0,0,10,1,1,72,18,10,1,2,2,7,0,0,0,1
8,4,8,9,1,1,NA,NA,1,19,11,NA,2,NA,2,3,0,0,0,1
5,6,7,6,1,1,4,0,2,61,10,4,1,2,2,5,0,0,0,1
7,7,9,7,1,1,9,0,1,40,20,9,1,1,2,8,0,0,0,1
6,6,8,7,1,1,2,1,2,77,8,2,1,2,4,7,0,0,0,1
6,7,9,8,1,1,10,0,2,38,19,10,1,2,2,7,0,0,0,1
6,5,5,6,1,1,2,NA,2,60,7,2,1,2,4,5,0,0,0,1
8,8,8,8,0,0,8,1,1,37,19,8,1,NA,1,7,0,0,0,1
6,6,7,6,1,1,3,NA,2,72,11,3,2,2,2,7,0,0,0,1
6,4,8,4,1,1,9,1,1,53,14,9,1,2,2,6,0,0,0,1
6,6,6,6,1,1,1,NA,2,53,16,1,2,2,3,6,0,0,0,1
6,5,9,6,1,1,7,1,1,34,13,7,1,2,4,5,0,0,0,1
7,7,8,7,0,0,2,1,1,69,16,2,1,2,2,6,0,0,0,1
5,8,10,6,1,1,7,0,2,55,10,7,1,2,3,5,0,0,0,1
4,6,8,5,1,1,7,1,2,59,14,7,1,2,2,4,0,0,0,1
6,6,7,7,1,1,1,1,2,80,7,1,2,2,3,7,0,0,0,1
5,6,7,7,1,1,3,1,2,74,10,3,2,2,2,7,0,0,0,1
7,6,7,6,1,1,NA,0,2,50,9,NA,1,NA,3,6,0,0,0,1
6,7,8,7,1,1,3,1,2,80,13,3,1,2,2,8,0,0,0,1
5,6,7,6,1,1,3,1,1,75,7,3,1,2,4,7,0,0,0,1
8,7,8,7,1,1,4,NA,1,71,5,4,1,2,2,6,0,0,0,1
5,5,8,4,1,1,5,1,2,56,9,5,2,2,4,1,0,0,0,1
9,9,8,9,1,1,NA,NA,2,26,3,NA,1,NA,4,5,0,0,0,1
8,8,8,8,1,1,6,1,1,56,14,6,2,2,3,4,0,0,0,1
8,7,8,8,1,1,8,0,2,23,19,8,1,NA,2,5,0,0,0,1
7,7,8,7,1,1,5,1,2,39,16,5,1,2,2,6,0,0,0,1
8,5,8,4,1,1,7,0,1,49,15,7,1,2,3,5,0,0,0,1
6,6,8,8,0,0,7,1,2,31,17,7,2,1,2,8,0,0,0,1
1,4,10,7,0,0,4,NA,2,31,10,4,1,1,4,5,0,0,0,1
7,5,8,7,0,0,9,1,1,68,12,9,1,2,3,5,0,0,0,1
6,4,6,6,0,0,6,0,1,45,8,6,1,2,3,4,0,0,0,1
3,3,3,5,0,0,2,1,2,64,10,2,2,2,2,3,0,0,0,1
7,4,4,5,0,0,1,0,2,35,9,1,2,1,2,8,0,0,0,1
7,8,7,7,0,0,7,1,1,49,11,7,1,2,3,5,0,0,0,1
5,6,8,7,1,1,4,NA,2,29,18,4,2,1,2,3,0,0,0,1
0,3,10,3,1,1,7,1,2,37,20,7,2,2,3,3,0,0,0,1
5,7,9,9,0,0,3,NA,2,15,9,3,2,2,3,7,0,0,0,1
6,5,7,7,1,1,6,0,1,66,22,6,1,2,1,2,0,0,0,1
8,6,7,6,0,0,4,1,2,74,6,4,1,2,2,6,0,0,0,1
5,8,8,6,1,1,8,1,1,55,11,8,1,NA,2,4,0,0,0,1
4,5,3,5,1,1,3,1,1,68,13,3,2,2,2,3,0,0,0,1
7,5,7,6,1,1,4,1,1,66,10,4,1,2,2,7,0,0,0,1
6,1,9,7,1,1,7,1,2,61,15,7,1,1,2,5,0,0,0,1
3,7,7,8,1,1,8,1,1,49,15,8,1,NA,2,4,0,0,0,1
7,7,9,7,1,1,NA,NA,1,18,12,NA,2,NA,2,6,0,0,0,1
6,5,7,5,1,1,NA,NA,2,50,13,NA,1,NA,4,4,0,0,0,1
5,5,6,7,1,1,NA,NA,2,61,15,NA,2,NA,4,NA,0,0,0,1
4,5,7,5,1,1,5,0,1,52,12,5,1,2,2,0,0,0,0,1
7,6,8,6,1,1,5,1,1,69,17,5,1,2,4,5,0,0,0,1
6,6,7,6,1,1,NA,1,2,55,10,NA,1,NA,4,8,0,0,0,1
6,8,9,8,1,1,6,0,2,21,14,6,1,2,3,5,0,0,0,1
7,7,8,7,1,1,7,1,1,57,10,7,1,2,3,7,0,0,0,1
5,7,8,7,1,1,7,1,1,59,48,7,1,2,2,3,0,0,0,1
5,5,8,5,1,1,6,0,1,42,13,6,1,2,2,4,0,0,0,1
7,7,9,6,1,1,10,0,2,38,20,10,1,2,2,6,0,0,0,1
4,4,7,3,1,1,9,NA,2,45,16,9,1,2,3,5,0,0,0,1
7,7,8,7,0,0,8,1,2,76,8,8,1,NA,2,8,0,0,0,1
6,6,8,7,1,1,6,NA,1,63,18,6,1,2,2,7,0,0,0,1
8,3,9,1,1,1,10,0,1,33,13,10,1,2,2,9,0,0,0,1
3,5,6,6,0,0,8,1,2,72,9,8,1,NA,1,6,0,0,0,1
5,6,8,7,0,0,7,1,2,24,14,7,1,2,2,8,0,0,0,1
7,7,9,7,1,1,5,0,2,39,12,5,1,2,2,3,0,0,0,1
8,6,8,7,1,1,NA,0,1,64,15,NA,1,NA,1,9,0,0,0,1
7,6,7,6,1,1,NA,1,1,26,22,NA,1,NA,2,5,0,0,0,1
6,5,6,8,1,1,NA,1,2,72,13,NA,2,NA,4,5,0,0,0,1
2,1,5,1,1,1,7,NA,1,44,16,7,2,2,4,NA,0,0,0,1
NA,7,8,NA,1,1,4,1,2,74,8,4,1,2,3,8,0,0,0,1
7,5,9,7,1,1,NA,0,1,20,13,NA,2,NA,2,2,0,0,0,1
2,1,2,1,1,1,1,0,2,57,15,1,2,1,3,2,0,0,0,1
5,4,6,5,1,1,1,1,1,75,6,1,1,2,3,2,0,0,0,1
6,7,8,7,1,1,5,1,1,62,11,5,1,2,3,4,0,0,0,1
4,4,4,NA,1,1,6,1,2,54,15,6,1,2,3,5,0,0,0,1
7,8,8,7,1,1,4,0,1,29,12,4,1,2,3,6,0,0,0,1
6,8,8,7,1,1,5,0,2,31,11,5,1,2,2,4,0,0,0,1
7,7,8,8,1,1,NA,0,1,40,22,NA,1,NA,1,2,0,0,0,1
6,3,10,3,1,1,7,0,1,71,15,7,1,2,3,1,0,0,0,1
NA,5,7,NA,0,0,NA,NA,2,57,13,NA,1,NA,2,5,0,0,0,1
5,6,7,5,1,1,6,NA,2,57,10,6,1,2,3,5,0,0,0,1
5,5,8,7,1,1,1,1,2,69,8,1,2,2,2,5,0,0,0,1
5,7,7,7,1,1,NA,0,1,61,13,NA,1,NA,2,6,0,0,0,1
5,7,8,7,1,1,8,1,1,66,13,8,1,NA,2,7,0,0,0,1
6,5,4,7,0,0,8,1,1,51,6,8,1,NA,2,5,0,0,0,1
7,7,7,6,0,0,7,1,2,88,8,7,2,2,4,8,0,0,0,1
5,6,8,7,0,0,9,1,1,58,22,9,1,1,3,3,0,0,0,1
7,6,8,6,1,1,4,0,1,30,13,4,2,2,3,5,0,0,0,1
5,6,8,5,1,1,6,NA,2,32,17,6,1,2,4,8,0,0,0,1
1,0,2,0,1,1,NA,NA,1,59,15,NA,2,NA,4,NA,0,0,0,1
6,6,7,7,1,1,6,NA,1,69,8,6,2,2,3,6,0,0,0,1
6,8,7,7,1,1,3,1,1,23,12,3,2,2,3,6,0,0,0,1
5,6,7,6,1,1,3,0,2,47,12,3,1,2,3,6,0,0,0,1
6,6,6,6,0,0,5,1,2,25,15,5,1,2,2,3,0,0,0,1
5,8,9,7,1,1,5,NA,1,22,17,5,1,2,4,5,0,0,0,1
NA,NA,4,NA,1,1,NA,NA,1,71,6,NA,2,NA,4,NA,0,0,0,1
7,7,8,7,1,1,2,1,1,63,9,2,2,2,2,8,0,0,0,1
3,7,8,5,1,1,NA,0,2,36,11,NA,1,NA,4,NA,0,0,0,1
6,8,8,7,1,1,5,NA,2,70,11,5,1,2,2,3,0,0,0,1
8,7,8,8,1,1,NA,NA,1,52,20,NA,1,NA,1,2,0,0,0,1
5,6,7,6,1,1,2,NA,2,24,12,2,1,2,3,4,0,0,0,1
6,6,8,6,1,1,4,NA,1,33,10,4,2,1,2,0,0,0,0,1
7,7,9,8,1,1,7,0,1,38,13,7,1,2,3,7,0,0,0,1
7,7,8,6,1,1,NA,0,2,26,10,NA,1,NA,4,7,0,0,0,1
2,7,9,NA,1,1,9,0,2,43,18,9,1,1,2,4,0,1,0,0
1,1,2,1,1,1,1,0,2,53,14,1,2,2,1,1,0,1,0,0
6,7,8,7,1,1,8,1,2,36,20,8,1,NA,2,3,0,1,0,0
8,6,8,7,0,0,NA,NA,1,60,12,NA,1,NA,1,5,0,1,0,0
7,7,8,6,0,0,5,0,2,27,12,5,2,2,1,3,0,1,0,0
7,7,8,7,1,1,10,0,1,57,16,10,1,2,2,3,0,1,0,0
5,5,3,4,0,0,1,0,1,61,23,1,2,1,2,3,0,1,0,0
7,5,8,7,1,1,NA,1,2,79,13,NA,2,NA,2,8,0,1,0,0
8,8,8,8,1,1,2,1,2,71,16,2,2,2,4,5,0,1,0,0
5,6,8,5,1,1,2,0,2,69,8,2,2,2,3,5,0,1,0,0
5,5,7,3,0,0,5,0,2,68,10,5,2,2,2,7,0,1,0,0
8,8,10,8,1,1,NA,NA,1,60,8,NA,1,NA,2,5,0,1,0,0
5,7,9,7,1,1,NA,1,2,83,10,NA,2,NA,2,6,0,1,0,0
4,4,7,6,1,1,NA,0,2,72,9,NA,2,NA,1,7,0,1,0,0
3,5,7,5,1,1,NA,0,1,20,16,NA,2,NA,2,7,0,1,0,0
6,7,8,7,1,1,9,0,1,21,10,9,2,2,4,NA,0,1,0,0
4,6,8,6,1,1,7,0,2,59,8,7,1,2,2,6,0,1,0,0
6,6,9,6,1,1,4,0,2,69,12,4,1,2,2,6,0,1,0,0
3,6,8,4,1,1,4,0,2,54,18,4,1,1,4,5,0,0,0,1
5,3,9,4,1,1,8,0,1,52,11,8,2,NA,3,8,0,0,0,1
5,0,9,1,0,0,NA,0,1,40,4,NA,1,NA,4,NA,0,0,0,1
NA,8,8,8,1,1,NA,1,2,69,8,NA,2,NA,3,5,0,1,0,0
7,NA,9,NA,1,1,NA,1,2,80,7,NA,2,NA,2,7,0,1,0,0
3,5,5,8,1,1,NA,NA,1,18,11,NA,2,NA,3,3,0,1,0,0
8,7,8,6,1,1,NA,NA,1,28,8,NA,1,NA,4,NA,0,1,0,0
6,5,8,4,1,1,9,0,1,46,12,9,1,2,2,3,0,1,0,0
5,8,8,4,1,1,5,1,2,78,15,5,2,2,1,7,0,1,0,0
6,3,8,8,1,1,NA,NA,2,19,13,NA,2,NA,2,6,0,1,0,0
5,6,9,8,1,1,10,0,1,61,20,10,1,2,2,4,0,1,0,0
2,7,10,7,1,1,8,1,2,29,15,8,1,NA,2,4,0,1,0,0
4,7,6,7,1,1,8,1,1,40,11,8,1,NA,2,4,0,1,0,0
3,4,5,6,1,1,4,NA,2,40,14,4,1,1,4,5,0,1,0,0
3,3,8,3,1,1,4,1,2,61,8,4,1,1,2,5,0,1,0,0
7,7,9,8,1,1,7,0,2,66,6,7,1,2,1,6,0,1,0,0
7,7,7,8,1,1,9,0,1,44,15,9,1,2,3,8,0,1,0,0
5,4,7,5,1,1,8,NA,2,23,16,8,1,NA,4,3,0,1,0,0
6,6,8,5,1,1,NA,1,1,62,11,NA,1,NA,2,4,0,1,0,0
7,7,7,6,1,1,3,0,1,72,8,3,1,2,3,6,0,1,0,0
NA,7,8,7,1,1,9,0,2,50,14,9,1,2,3,8,0,1,0,0
7,7,7,7,1,1,6,1,2,49,17,6,2,2,2,4,0,1,0,0
6,6,7,8,1,1,9,1,2,29,17,9,1,2,2,5,0,1,0,0
7,6,7,8,1,1,9,1,2,49,23,9,2,1,2,3,0,1,0,0
8,9,10,7,1,1,8,0,2,78,13,8,1,NA,2,7,0,1,0,0
8,8,9,9,1,1,8,0,1,54,22,8,1,NA,2,6,0,1,0,0
7,7,8,7,1,1,8,1,2,43,14,8,1,NA,2,5,0,1,0,0
8,7,7,7,1,1,3,1,1,54,12,3,1,2,2,5,0,1,0,0
5,6,7,6,1,1,8,1,2,58,10,8,1,NA,2,5,0,1,0,0
2,4,8,6,1,1,4,0,2,35,20,4,2,2,2,5,0,1,0,0
6,3,9,8,1,1,7,0,2,62,13,7,1,2,2,4,0,1,0,0
7,6,8,6,1,1,9,0,2,67,13,9,1,2,1,8,0,1,0,0
5,5,7,6,1,1,3,1,2,47,10,3,2,2,3,5,0,1,0,0
5,6,8,7,1,1,8,1,2,40,17,8,1,NA,2,7,0,1,0,0
6,5,6,5,1,1,4,0,1,49,11,4,1,1,4,5,0,1,0,0
7,6,8,7,1,1,7,1,1,33,19,7,1,2,3,6,0,1,0,0
5,5,9,6,1,1,9,NA,1,32,11,9,1,1,2,2,0,1,0,0
6,6,7,6,0,0,7,1,2,49,11,7,2,2,3,5,0,1,0,0
6,6,7,5,1,1,4,NA,1,59,10,4,1,1,3,5,0,1,0,0
6,6,8,7,1,1,6,1,1,47,12,6,1,2,3,5,0,1,0,0
4,7,9,8,1,1,5,NA,1,15,9,5,2,2,2,NA,0,1,0,0
7,7,8,8,1,1,10,1,2,41,16,10,1,2,3,4,0,1,0,0
3,6,9,8,1,1,9,1,1,35,15,9,1,2,1,3,0,1,0,0
3,7,7,8,1,1,7,0,1,35,25,7,1,1,2,2,0,1,0,0
6,6,9,6,1,1,8,1,1,25,14,8,2,NA,2,8,0,1,0,0
5,4,7,6,1,1,2,0,1,72,9,2,2,2,2,6,0,1,0,0
6,7,7,5,0,0,4,NA,2,19,12,4,2,2,3,5,0,1,0,0
1,1,7,6,1,1,2,1,2,63,12,2,1,2,2,6,0,1,0,0
2,2,9,5,1,1,3,1,2,73,6,3,2,2,4,6,0,1,0,0
7,6,7,5,1,1,2,1,2,66,8,2,2,2,3,5,0,1,0,0
8,7,9,7,0,0,6,1,1,43,12,6,1,2,2,7,0,1,0,0
0,0,0,0,1,1,1,0,1,59,5,1,2,1,1,5,0,1,0,0
8,6,8,6,1,1,8,0,1,75,12,8,1,NA,1,3,0,1,0,0
2,3,8,4,1,1,10,0,1,57,14,10,1,2,1,7,0,1,0,0
3,4,4,7,1,1,4,0,2,33,20,4,2,2,2,4,0,1,0,0
4,4,8,4,1,1,8,0,2,21,15,8,2,NA,3,3,0,1,0,0
8,7,8,6,0,0,NA,1,2,69,10,NA,1,NA,3,7,0,1,0,0
3,4,8,7,1,1,NA,1,1,56,8,NA,2,NA,2,NA,0,1,0,0
6,6,8,7,0,0,NA,NA,2,16,7,NA,2,NA,4,NA,0,1,0,0
9,7,10,6,1,1,5,0,2,64,16,5,2,2,1,1,0,1,0,0
7,7,8,8,0,0,NA,1,2,65,12,NA,1,NA,2,5,0,1,0,0
6,5,8,5,1,1,3,1,2,65,12,3,1,2,2,7,0,1,0,0
3,6,8,8,1,1,10,0,1,39,15,10,1,2,2,9,0,1,0,0
3,3,4,5,1,1,1,0,2,51,12,1,2,1,2,5,0,1,0,0
6,6,9,5,1,1,7,0,1,41,15,7,1,2,2,4,0,1,0,0
8,6,8,6,1,1,8,1,1,52,16,8,1,NA,2,7,0,1,0,0
8,6,8,9,0,0,NA,NA,1,19,14,NA,2,NA,2,NA,0,1,0,0
7,7,7,8,1,1,NA,0,1,55,17,NA,1,NA,1,3,0,1,0,0
0,2,6,5,1,1,4,1,1,20,14,4,2,2,3,5,0,1,0,0
6,4,8,8,1,1,2,1,2,54,10,2,2,1,3,6,0,1,0,0
4,3,7,6,1,1,10,1,1,69,15,10,1,1,2,4,0,1,0,0
6,6,7,6,1,1,2,1,1,61,10,2,1,2,4,7,0,1,0,0
7,7,8,7,1,1,7,NA,1,37,13,7,1,2,3,5,0,1,0,0
6,4,7,6,1,1,5,1,1,66,11,5,1,2,2,3,0,1,0,0
8,8,8,6,1,1,1,1,1,61,12,1,2,2,2,8,0,1,0,0
6,7,8,5,0,0,5,1,1,25,10,5,1,2,2,7,0,1,0,0
7,7,6,7,0,0,6,0,1,50,12,6,2,1,1,4,0,1,0,0
7,7,7,7,0,0,10,1,2,50,18,10,1,2,2,3,0,1,0,0
3,7,8,6,1,1,7,1,2,49,21,7,1,2,2,3,0,1,0,0
5,5,10,5,1,1,9,NA,2,37,15,9,1,2,3,5,0,1,0,0
5,6,8,7,1,1,4,1,1,65,20,4,1,2,2,3,0,1,0,0
6,6,8,4,0,0,4,0,1,48,16,4,1,2,2,5,0,1,0,0
5,5,6,6,0,0,2,1,2,77,8,2,2,2,2,7,0,1,0,0
5,8,8,8,1,1,10,NA,1,51,10,10,2,2,2,3,0,1,0,0
8,4,7,8,0,0,8,NA,2,16,13,8,2,NA,4,4,0,1,0,0
7,7,5,7,0,0,3,NA,2,55,13,3,2,2,3,4,0,1,0,0
4,2,9,3,1,1,2,NA,2,40,11,2,2,1,2,5,0,1,0,0
8,7,8,7,0,0,10,1,2,38,12,10,1,2,2,7,0,1,0,0
6,5,7,7,1,1,NA,0,1,23,17,NA,2,NA,3,7,0,1,0,0
4,5,3,6,1,1,4,1,1,88,8,4,1,2,2,3,0,1,0,0
8,7,9,6,1,1,4,NA,1,81,10,4,2,2,4,5,0,1,0,0
4,4,8,5,1,1,7,0,2,31,14,7,1,2,3,5,0,1,0,0
6,7,8,6,1,1,6,NA,1,62,16,6,1,2,2,3,0,1,0,0
7,4,7,7,1,1,1,NA,1,42,11,1,2,2,3,3,0,1,0,0
0,0,0,0,1,1,6,1,2,38,12,6,1,2,2,0,0,1,0,0
0,0,0,7,1,1,8,1,1,68,12,8,1,NA,1,7,0,1,0,0
3,3,4,2,1,1,1,NA,2,42,8,1,2,1,4,5,0,1,0,0
6,6,8,7,1,1,9,NA,2,37,15,9,1,2,3,6,0,1,0,0
8,7,8,6,1,1,7,1,1,26,17,7,2,2,2,8,0,1,0,0
6,6,8,6,1,1,5,0,1,43,11,5,1,1,2,8,0,1,0,0
6,3,9,4,1,1,5,1,2,26,10,5,1,2,4,6,0,1,0,0
7,7,8,6,1,1,5,0,2,55,11,5,1,2,2,5,0,1,0,0
7,4,9,6,1,1,5,1,1,90,16,5,2,2,1,6,0,1,0,0
0,0,10,8,1,1,5,0,1,33,20,5,2,2,2,2,0,1,0,0
7,6,10,6,1,1,4,1,2,76,10,4,1,2,3,2,0,1,0,0
7,6,8,7,1,1,1,NA,1,23,15,1,2,2,4,5,0,1,0,0
4,4,9,7,1,1,10,NA,2,20,11,10,1,2,3,3,0,1,0,0
5,4,6,8,0,0,8,1,1,53,20,8,2,NA,2,2,0,1,0,0
5,3,8,3,1,1,6,NA,2,29,16,6,1,2,2,0,0,1,0,0
6,4,9,NA,0,0,7,0,2,88,17,7,2,2,1,6,0,1,0,0
6,4,8,8,0,0,5,1,1,63,10,5,1,2,2,5,0,1,0,0
7,9,8,7,1,1,4,1,1,21,15,4,2,2,2,5,0,1,0,0
4,4,6,4,0,0,3,1,2,73,8,3,2,2,3,5,0,1,0,0
5,6,7,6,1,1,5,1,2,39,12,5,1,2,2,6,0,1,0,0
8,6,9,8,0,0,2,1,2,75,8,2,2,2,2,7,0,1,0,0
6,6,8,6,0,0,7,1,2,26,12,7,1,2,2,5,0,1,0,0
5,5,5,6,0,0,3,1,2,26,13,3,2,2,4,NA,0,1,0,0
7,4,7,4,1,1,9,0,1,50,17,9,1,1,1,7,0,1,0,0
4,6,8,7,1,1,9,NA,1,44,17,9,1,2,2,5,0,1,0,0
2,0,10,0,0,0,1,0,2,80,6,1,2,2,1,10,0,1,0,0
4,3,8,NA,1,1,4,1,2,74,9,4,1,2,2,NA,0,1,0,0
7,4,7,5,1,1,7,0,2,47,17,7,2,2,2,3,0,1,0,0
5,6,9,7,1,1,7,1,1,53,14,7,1,2,3,2,0,1,0,0
7,6,10,7,0,0,7,0,2,72,8,7,1,2,2,8,0,1,0,0
8,5,8,9,1,1,7,1,1,65,12,7,1,2,2,5,0,1,0,0
5,5,8,5,1,1,2,1,2,43,9,2,1,2,3,0,0,1,0,0
6,6,7,6,1,1,NA,0,2,20,14,NA,2,NA,2,NA,0,1,0,0
5,8,9,8,1,1,7,0,1,50,17,7,1,2,1,7,0,1,0,0
5,5,8,NA,1,1,NA,NA,2,56,9,NA,1,NA,4,NA,0,1,0,0
4,4,7,4,1,1,3,NA,2,47,9,3,1,1,3,4,0,1,0,0
5,7,7,6,1,1,8,NA,2,19,13,8,2,NA,3,6,0,1,0,0
7,7,8,7,1,1,3,1,2,72,9,3,1,2,2,6,0,1,0,0
7,8,9,7,1,1,2,0,2,83,6,2,2,2,3,8,0,1,0,0
4,NA,7,NA,1,1,1,1,2,64,9,1,2,2,3,NA,0,1,0,0
8,8,9,6,1,1,5,1,2,59,7,5,1,2,2,5,0,1,0,0
7,7,7,6,1,1,3,1,2,60,13,3,1,2,2,6,0,1,0,0
8,7,7,7,1,1,NA,1,2,74,14,NA,2,NA,2,6,1,0,0,0
5,4,8,4,1,1,6,0,2,22,13,6,1,2,2,5,1,0,0,0
7,7,9,6,1,1,7,0,2,50,11,7,1,2,2,2,1,0,0,0
5,7,10,7,1,1,2,0,1,53,10,2,1,2,4,5,0,1,0,0
8,7,10,8,1,1,7,1,2,37,16,7,1,2,2,6,0,1,0,0
4,4,8,6,0,0,5,1,2,56,12,5,2,2,2,5,0,1,0,0
7,7,8,8,1,1,9,1,1,41,17,9,1,2,2,3,1,0,0,0
6,4,9,5,0,0,1,NA,2,59,10,1,2,2,2,5,1,0,0,0
6,6,9,5,0,0,10,1,1,47,10,10,1,2,4,5,1,0,0,0
5,6,9,7,1,1,NA,1,1,52,15,NA,1,NA,1,5,1,0,0,0
5,6,6,6,1,1,8,1,1,40,15,8,1,NA,1,6,1,0,0,0
7,7,7,6,1,1,3,1,2,67,8,3,2,2,2,6,1,0,0,0
6,8,9,7,0,0,NA,1,2,61,11,NA,1,NA,2,5,1,0,0,0
8,7,8,10,1,1,6,0,1,35,16,6,2,1,2,7,1,0,0,0
3,7,8,6,1,1,8,1,2,26,18,8,1,NA,3,5,1,0,0,0
6,6,7,8,1,1,7,1,2,35,12,7,1,2,2,5,1,0,0,0
6,7,7,6,1,1,5,0,2,54,8,5,1,1,3,6,1,0,0,0
6,2,8,3,1,1,9,NA,1,56,10,9,1,2,3,9,1,0,0,0
NA,5,7,7,1,1,3,0,2,71,14,3,2,2,2,5,1,0,0,0
6,6,7,5,1,1,3,1,2,62,7,3,1,2,4,2,1,0,0,0
8,7,8,7,1,1,NA,NA,1,15,9,NA,2,NA,2,4,1,0,0,0
7,6,7,6,0,0,7,1,1,71,10,7,1,2,2,6,1,0,0,0
7,7,8,8,1,1,7,1,1,32,14,7,1,2,2,3,0,1,0,0
8,7,8,7,1,1,3,1,1,70,11,3,2,2,2,6,0,1,0,0
6,7,10,7,1,1,2,1,2,50,14,2,2,2,2,7,1,0,0,0
3,7,8,7,1,1,5,1,1,57,12,5,2,2,2,7,0,1,0,0
2,0,7,0,0,0,5,NA,2,44,NA,5,1,1,3,5,0,1,0,0
6,7,6,8,1,1,1,1,1,29,16,1,2,1,2,4,0,1,0,0
6,6,8,4,1,1,6,1,2,52,13,6,1,2,2,4,0,1,0,0
7,6,8,7,1,1,9,1,1,73,15,9,1,2,2,4,0,1,0,0
5,1,5,6,0,0,3,0,1,55,10,3,2,1,3,5,0,1,0,0
6,7,9,7,1,1,9,0,2,49,22,9,1,2,2,3,0,1,0,0
6,6,8,5,1,1,8,NA,2,31,17,8,1,NA,2,6,0,1,0,0
6,6,7,7,1,1,3,1,2,59,12,3,2,2,2,4,0,1,0,0
2,3,7,3,1,1,7,0,1,67,18,7,1,2,2,4,0,1,0,0
7,8,8,7,1,1,7,1,1,33,17,7,2,1,3,7,0,1,0,0
6,6,6,4,1,1,5,0,1,65,13,5,1,1,3,4,0,1,0,0
6,5,8,5,1,1,NA,NA,1,15,9,NA,2,NA,4,NA,0,1,0,0
7,7,8,7,1,1,9,1,2,55,15,9,1,1,1,5,0,1,0,0
7,7,8,7,1,1,5,1,1,79,15,5,1,1,2,7,0,1,0,0
8,2,10,8,1,1,6,0,1,73,12,6,2,2,3,10,0,1,0,0
2,2,5,2,1,1,NA,NA,1,38,9,NA,2,NA,3,5,0,1,0,0
7,8,5,8,1,1,8,1,2,40,15,8,1,NA,2,5,0,1,0,0
7,7,7,6,1,1,2,0,2,40,14,2,2,2,3,3,0,1,0,0
6,5,8,4,0,0,3,1,2,60,9,3,1,2,2,6,0,1,0,0
5,6,8,7,1,1,4,0,2,45,14,4,2,2,3,7,0,1,0,0
5,7,8,7,1,1,NA,0,1,75,15,NA,1,NA,2,6,0,1,0,0
8,8,7,8,0,0,NA,NA,2,18,13,NA,2,NA,4,3,0,1,0,0
6,5,8,7,0,0,NA,1,1,38,13,NA,2,NA,1,7,0,1,0,0
5,4,8,5,1,1,NA,0,2,43,16,NA,1,NA,2,8,0,1,0,0
7,4,9,5,1,1,7,0,2,54,22,7,1,2,2,5,0,1,0,0
7,6,8,8,1,1,10,1,1,42,12,10,1,2,1,7,0,1,0,0
8,8,9,8,0,0,4,NA,1,73,8,4,1,2,3,6,0,1,0,0
5,6,8,6,1,1,NA,1,2,76,14,NA,1,NA,2,7,0,1,0,0
7,8,8,7,0,0,NA,1,2,49,20,NA,1,NA,2,2,0,1,0,0
7,7,10,5,0,0,4,1,1,51,14,4,1,2,2,7,0,1,0,0
7,7,8,6,1,1,9,1,1,28,20,9,1,2,2,7,0,1,0,0
7,7,9,4,1,1,NA,1,2,49,16,NA,1,NA,3,5,0,1,0,0
7,5,9,8,0,0,7,0,2,30,12,7,1,2,2,7,1,0,0,0
5,6,8,7,1,1,4,1,1,25,14,4,2,2,2,4,1,0,0,0
7,7,7,7,0,0,4,1,2,58,8,4,1,2,3,1,1,0,0,0
7,8,10,9,0,0,NA,NA,1,18,12,NA,2,NA,2,6,1,0,0,0
7,7,8,7,0,0,7,0,2,42,15,7,1,2,3,7,1,0,0,0
7,6,7,6,0,0,7,0,2,55,10,7,2,2,2,6,1,0,0,0
6,4,9,7,1,1,3,0,2,38,14,3,2,2,3,4,1,0,0,0
3,6,7,6,1,1,7,1,2,39,14,7,1,2,2,6,1,0,0,0
5,4,10,7,1,1,10,1,1,27,14,10,1,2,2,8,1,0,0,0
3,2,3,2,0,0,6,0,2,66,12,6,2,2,2,4,1,0,0,0
3,6,7,7,0,0,NA,0,2,59,17,NA,1,NA,3,6,1,0,0,0
7,6,7,6,1,1,4,NA,1,23,14,4,2,2,2,6,1,0,0,0
7,8,8,8,1,1,7,1,1,76,11,7,1,2,1,3,1,0,0,0
8,8,10,7,0,0,7,0,2,64,14,7,1,2,2,1,1,0,0,0
8,7,8,6,1,1,10,1,1,49,17,10,1,2,2,6,1,0,0,0
5,4,8,5,1,1,6,1,2,62,9,6,1,1,3,6,1,0,0,0
10,6,10,5,1,1,2,NA,1,72,7,2,2,2,3,5,1,0,0,0
5,1,5,3,0,0,5,0,2,62,15,5,2,2,2,0,1,0,0,0
8,7,8,8,1,1,6,1,1,52,14,6,2,1,2,2,1,0,0,0
5,6,8,7,1,1,7,1,2,62,15,7,2,2,2,7,1,0,0,0
4,4,6,6,1,1,6,0,1,54,12,6,2,1,2,6,1,0,0,0
5,5,10,5,1,1,4,1,2,87,9,4,1,2,2,9,1,0,0,0
7,7,8,7,1,1,NA,0,2,41,14,NA,2,NA,2,NA,1,0,0,0
5,4,6,5,1,1,1,NA,2,53,10,1,2,2,3,5,1,0,0,0
5,4,8,2,1,1,5,0,2,52,11,5,2,2,2,3,1,0,0,0
6,6,7,7,1,1,8,1,2,32,20,8,2,NA,2,3,1,0,0,0
5,7,8,8,1,1,2,0,2,22,18,2,2,2,1,7,1,0,0,0
5,5,8,7,1,1,5,0,2,40,18,5,1,2,2,5,1,0,0,0
7,7,8,7,1,1,9,1,1,39,16,9,1,1,2,4,1,0,0,0
7,7,8,8,1,1,7,0,1,49,15,7,1,1,2,1,1,0,0,0
NA,7,9,7,0,0,10,NA,1,17,10,10,2,2,4,6,1,0,0,0
7,6,8,6,0,0,8,1,1,60,15,8,1,NA,1,4,1,0,0,0
4,4,8,7,0,0,8,1,2,43,14,8,1,NA,2,5,1,0,0,0
9,9,10,8,0,0,4,NA,1,46,12,4,1,2,4,9,1,0,0,0
6,4,8,8,0,0,2,1,1,60,10,2,1,2,2,10,1,0,0,0
4,5,8,7,1,1,2,0,2,38,11,2,2,1,3,5,1,0,0,0
3,5,8,NA,1,1,NA,NA,2,75,6,NA,1,NA,4,NA,1,0,0,0
7,7,8,7,1,1,8,1,2,65,10,8,1,NA,2,3,1,0,0,0
6,7,8,7,1,1,8,1,2,56,14,8,1,NA,2,5,1,0,0,0
4,6,5,3,1,1,1,NA,2,39,12,1,2,1,4,8,1,0,0,0
6,7,9,8,1,1,9,NA,1,18,6,9,2,2,2,7,1,0,0,0
7,7,8,8,1,1,4,1,2,67,11,4,1,2,2,5,1,0,0,0
8,7,8,7,1,1,6,1,2,74,9,6,2,2,2,7,1,0,0,0
4,7,9,7,1,1,5,1,1,60,10,5,2,2,2,5,1,0,0,0
6,7,8,8,1,1,7,1,1,39,13,7,1,2,2,8,1,0,0,0
6,6,8,8,0,0,9,1,2,61,15,9,2,2,2,5,1,0,0,0
4,5,8,8,1,1,2,1,2,85,8,2,2,2,2,4,1,0,0,0
6,6,6,8,1,1,9,1,1,48,12,9,1,2,2,2,1,0,0,0
6,6,8,8,1,1,5,0,1,27,18,5,1,2,3,2,1,0,0,0
6,4,8,4,1,1,6,0,2,55,18,6,1,1,3,5,1,0,0,0
7,7,9,7,0,0,8,1,2,35,17,8,1,NA,2,8,1,0,0,0
2,0,7,1,1,1,10,0,1,37,15,10,1,2,1,7,1,0,0,0
8,6,8,5,1,1,8,1,1,44,18,8,1,NA,3,4,1,0,0,0
6,5,8,7,1,1,7,0,1,30,12,7,1,2,1,7,1,0,0,0
4,5,8,7,1,1,3,1,2,49,10,3,1,2,3,6,1,0,0,0
9,5,8,8,1,1,2,0,1,52,10,2,1,1,2,6,1,0,0,0
6,6,6,7,1,1,5,1,2,75,18,5,2,NA,1,5,1,0,0,0
8,9,7,9,1,1,9,1,1,64,17,9,1,1,1,6,1,0,0,0
4,5,10,6,1,1,7,1,2,32,12,7,1,2,3,5,1,0,0,0
7,7,8,7,1,1,10,0,1,66,20,10,1,2,1,7,1,0,0,0
5,3,8,8,1,1,10,0,1,46,21,10,1,1,1,2,1,0,0,0
6,5,5,7,0,0,5,1,2,65,15,5,1,1,2,4,1,0,0,0
5,5,8,5,0,0,2,NA,2,33,11,2,2,2,4,7,1,0,0,0
3,5,4,4,0,0,1,0,2,44,14,1,2,1,2,5,1,0,0,0
8,6,8,8,0,0,6,1,1,56,12,6,1,1,2,6,1,0,0,0
NA,5,8,5,1,1,4,1,2,78,10,4,2,2,4,6,1,0,0,0
NA,NA,8,NA,1,1,2,1,2,79,8,2,2,2,4,6,1,0,0,0
8,8,10,7,0,0,6,1,1,72,11,6,1,2,2,5,1,0,0,0
0,7,5,3,0,0,1,0,1,47,10,1,2,8,1,NA,1,0,0,0
3,2,6,4,0,0,3,0,1,40,10,3,2,2,2,3,1,0,0,0
0,3,6,4,1,1,3,NA,1,22,13,3,2,2,1,7,1,0,0,0
3,5,9,7,0,0,8,1,2,39,19,8,1,NA,2,5,1,0,0,0
4,7,8,7,1,1,5,0,2,39,15,5,2,2,2,3,1,0,0,0
6,4,8,3,0,0,10,0,1,49,14,10,1,2,3,5,1,0,0,0
6,6,8,7,1,1,8,1,2,49,14,8,1,NA,2,3,1,0,0,0
7,7,7,7,0,0,9,1,1,59,17,9,1,2,1,4,1,0,0,0
6,8,8,7,1,1,NA,1,1,38,15,NA,1,NA,1,3,1,0,0,0
2,1,8,3,1,1,3,1,2,69,8,3,1,2,2,4,1,0,0,0
4,5,8,3,1,1,2,0,1,27,20,2,1,1,2,6,1,0,0,0
4,4,8,6,0,0,4,1,2,55,9,4,1,2,3,4,1,0,0,0
5,6,6,7,1,1,2,0,2,43,13,2,2,2,3,5,1,0,0,0
3,4,5,5,1,1,10,0,1,70,20,10,1,2,2,3,1,0,0,0
6,7,7,7,1,1,9,1,2,54,15,9,1,2,2,6,1,0,0,0
0,7,10,5,1,1,5,1,2,63,9,5,1,2,2,5,1,0,0,0
9,6,9,6,1,1,8,0,2,58,12,8,1,NA,2,5,1,0,0,0
7,7,10,8,0,0,8,1,2,65,12,8,1,NA,2,7,1,0,0,0
6,6,7,6,1,1,7,1,1,68,15,7,1,2,2,2,1,0,0,0
4,6,8,7,1,1,NA,NA,1,18,14,NA,2,NA,2,3,1,0,0,0
7,7,10,6,1,1,3,1,1,42,10,3,2,1,3,0,1,0,0,0
4,6,7,7,1,1,4,1,2,30,16,4,2,2,2,4,1,0,0,0
7,7,8,8,1,1,9,1,1,49,13,9,1,2,2,1,1,0,0,0
